committee,video_id,title,published_at,found_at,view_count,like_count,url
Assassination Task Force,lSl5zMqh7MI,"House Bipartisan Task Force Outlines Need for Accountability, Transparency",2024-12-13T16:18:56Z,2025-09-17T15:06:18.229969+00:00,273,7,https://www.youtube.com/watch?v=lSl5zMqh7MI
Assassination Task Force,7rhrbaCmebs,House Bipartisan Task Force Outlines Secret Service's Failure to Execute,2024-12-12T15:34:54Z,2025-09-17T15:06:18.229986+00:00,264,4,https://www.youtube.com/watch?v=7rhrbaCmebs
Assassination Task Force,4XmfTI7z9nQ,House Bipartisan Task Force Outlines Secret Service's Failure to Plan,2024-12-11T21:23:10Z,2025-09-17T15:06:18.229989+00:00,114,3,https://www.youtube.com/watch?v=4XmfTI7z9nQ
Assassination Task Force,9f1n-Ye5p9I,Task Force on the Attempted Assassination of Donald J. Trump Business Meeting,2024-12-06T05:09:40Z,2025-09-17T15:06:18.229991+00:00,147,2,https://www.youtube.com/watch?v=9f1n-Ye5p9I
Assassination Task Force,UuBS5LUwMUU,Secret Service Security Failures and the Attempts to Assassinate President-Elect Donald J. Trump.,2024-12-06T04:43:28Z,2025-09-17T15:06:18.229992+00:00,2997,20,https://www.youtube.com/watch?v=UuBS5LUwMUU
Assassination Task Force,Jne45WpkOWY,Task Force on the Attempted Assassination of Donald J. Trump Hearing: Security Failures Butler Pa.,2024-09-27T12:00:22Z,2025-09-17T15:06:18.229994+00:00,780,7,https://www.youtube.com/watch?v=Jne45WpkOWY
Rules,5A2jIJxnucE,Rules Committee Hearing  H.R. 5371 and H.Res. 719,2025-09-17T10:26:08Z,2025-09-17T15:06:18.667596+00:00,1448,37,https://www.youtube.com/watch?v=5A2jIJxnucE
Rules,UZ8UnK6SChQ,"Rules Committee Hearing  H.R. 1047, 3062, 3015, 4922, 5143, 5140, 5125",2025-09-16T09:48:36Z,2025-09-17T15:06:18.667603+00:00,940,35,https://www.youtube.com/watch?v=UZ8UnK6SChQ
Rules,S5Gj9BDLkKQ,Rules Committee Hearing  H.R. 3838 and 3486 Part II,2025-09-11T21:18:36Z,2025-09-17T15:06:18.667605+00:00,1800,20,https://www.youtube.com/watch?v=S5Gj9BDLkKQ
Rules,fRm7NJMMRTQ,Rules Committee Hearing  H.R. 3838 and 3486,2025-09-09T01:20:32Z,2025-09-17T15:06:18.667607+00:00,3565,45,https://www.youtube.com/watch?v=fRm7NJMMRTQ
Rules,3D5mr37iaKU,Rules Committee Hearing  H.R. 3486 and 3838,2025-09-08T13:55:06Z,2025-09-17T15:06:18.667608+00:00,0,5,https://www.youtube.com/watch?v=3D5mr37iaKU
Rules,jZ7XO2EqQT0,Rules Committee Hearing  H.R. 3486 and 3838,2025-09-08T13:54:01Z,2025-09-17T15:06:18.667610+00:00,0,6,https://www.youtube.com/watch?v=jZ7XO2EqQT0
Rules,QjjFPzjbFwE,"Rules Committee Hearing  H.R. 4553, H. Res. ___, H.J. Res. 104, 105, and 106",2025-09-03T02:01:03Z,2025-09-17T15:06:18.667611+00:00,2438,54,https://www.youtube.com/watch?v=QjjFPzjbFwE
Rules,xS4n60VrJ8U,"Rules Committee Hearing  H.R. 3486, 3898, H.J. Res. 104, 105, and 106",2025-07-22T11:42:46Z,2025-09-17T15:06:18.667613+00:00,3004,64,https://www.youtube.com/watch?v=xS4n60VrJ8U
Rules,FcXZdfezz78,Rules Committee Hearing  Senate Amendment  to H.R. 4,2025-07-18T14:10:00Z,2025-09-17T15:06:18.667615+00:00,7073,65,https://www.youtube.com/watch?v=FcXZdfezz78
Rules,vmGs954oND4,Rules Committee Hearing  H. Res. _____,2025-07-16T17:51:35Z,2025-09-17T15:06:18.667617+00:00,0,4,https://www.youtube.com/watch?v=vmGs954oND4
Rules,344Qcnk2rE8,"Rules Committee Hearing  H.R. 1919, 3633, 4016, and  S. 1582",2025-07-15T01:42:48Z,2025-09-17T15:06:18.667619+00:00,8091,121,https://www.youtube.com/watch?v=344Qcnk2rE8
Rules,cg7LHcYC24Q,Rules Committee Hearing Senate amendment to H.R. 1,2025-07-02T05:40:08Z,2025-09-17T15:06:18.667620+00:00,17637,154,https://www.youtube.com/watch?v=cg7LHcYC24Q
Rules,ic4aC6AN9Nw,"Rules Committee Hearing H.R. 275, 875, 3944 and H. Res. 516",2025-06-24T11:45:32Z,2025-09-17T15:06:18.667622+00:00,2909,58,https://www.youtube.com/watch?v=ic4aC6AN9Nw
Rules,r5WOJWgH7fE,Rules Committee Hearing H.R. 4,2025-06-10T23:06:58Z,2025-09-17T15:06:18.667625+00:00,3429,49,https://www.youtube.com/watch?v=r5WOJWgH7fE
Rules,DZApW0E4eC0,"Rules Committee Hearing H.R. 884, 2056, 2096, S. 331",2025-06-10T09:40:42Z,2025-09-17T15:06:18.667627+00:00,1408,48,https://www.youtube.com/watch?v=DZApW0E4eC0
Rules,HGTWG-HXbhc,"Rules Committee Hearing H.R. 2987, 2931, 2966 and 2483",2025-06-04T10:50:27Z,2025-09-17T15:06:18.667628+00:00,1750,43,https://www.youtube.com/watch?v=HGTWG-HXbhc
Rules,b9FdGjsN_bE,Rules Committee Hearing H.R. ____,2025-05-22T03:05:28Z,2025-09-17T15:06:18.667630+00:00,24831,273,https://www.youtube.com/watch?v=b9FdGjsN_bE
Rules,_2DKqtrnMMQ,Rules Committee Hearing H.R. ____,2025-05-21T17:34:27Z,2025-09-17T15:06:18.667631+00:00,32160,360,https://www.youtube.com/watch?v=_2DKqtrnMMQ
Rules,AH3crbRs3Rs,Rules Committee Hearing H.R. ____ Part 2,2025-05-21T17:05:37Z,2025-09-17T15:06:18.667633+00:00,0,11,https://www.youtube.com/watch?v=AH3crbRs3Rs
Rules,9icsG4m5eu8,Rules Committee Hearing S.J. Res. 13 and 31,2025-05-20T10:49:09Z,2025-09-17T15:06:18.667634+00:00,1799,48,https://www.youtube.com/watch?v=9icsG4m5eu8
Veterans' Affairs,BRd8EuyhluA,Subcommittee on Technology Modernization Oversight Hearing,2025-09-16T08:37:10Z,2025-09-17T15:06:19.080972+00:00,2153,27,https://www.youtube.com/watch?v=BRd8EuyhluA
Veterans' Affairs,tauJC7LWUn4,Subcommittee on Technology Modernization Oversight Field Hearing,2025-07-26T04:53:52Z,2025-09-17T15:06:19.080982+00:00,1729,25,https://www.youtube.com/watch?v=tauJC7LWUn4
Veterans' Affairs,ewRADz1xvCQ,Full Committee Markup,2025-07-23T18:57:53Z,2025-09-17T15:06:19.080984+00:00,1855,21,https://www.youtube.com/watch?v=ewRADz1xvCQ
Veterans' Affairs,kAki1mTMHGg,Subcommittee on Oversight and Investigations Oversight Hearing,2025-07-23T07:35:45Z,2025-09-17T15:06:19.080986+00:00,2302,31,https://www.youtube.com/watch?v=kAki1mTMHGg
Veterans' Affairs,EGKOFXTWsxI,Subcommittee on Economic Opportunity Oversight Hearing,2025-07-17T07:29:40Z,2025-09-17T15:06:19.080988+00:00,2084,14,https://www.youtube.com/watch?v=EGKOFXTWsxI
Veterans' Affairs,VlVDs60VEy8,Subcommittee on Health Oversight Hearing,2025-07-16T08:29:22Z,2025-09-17T15:06:19.080990+00:00,1898,21,https://www.youtube.com/watch?v=VlVDs60VEy8
Veterans' Affairs,cOcJKDPEJcY,Subcommittee on Technology Modernization Oversight Hearing,2025-07-14T20:16:31Z,2025-09-17T15:06:19.080991+00:00,4985,32,https://www.youtube.com/watch?v=cOcJKDPEJcY
Veterans' Affairs,NPcdJVKkVIg,Full Committee Oversight Hearing,2025-06-25T04:52:07Z,2025-09-17T15:06:19.080993+00:00,2257,27,https://www.youtube.com/watch?v=NPcdJVKkVIg
Veterans' Affairs,yjVI0kgHVI8,Subcommittee on Disability Assistance and Memorial Affairs Legislative Hearing,2025-06-24T20:42:14Z,2025-09-17T15:06:19.080997+00:00,3024,26,https://www.youtube.com/watch?v=yjVI0kgHVI8
Veterans' Affairs,liZ5jEkbrbc,Subcommittee on Health Legislative Hearing,2025-06-13T08:57:16Z,2025-09-17T15:06:19.080999+00:00,1491,14,https://www.youtube.com/watch?v=liZ5jEkbrbc
Veterans' Affairs,i9ageHhgdkI,Subcommittee on Economic Opportunity Legislative Hearing,2025-06-12T04:00:36Z,2025-09-17T15:06:19.081001+00:00,1920,15,https://www.youtube.com/watch?v=i9ageHhgdkI
Veterans' Affairs,LB34tvemBl8,Subcommittee on Oversight and Investigations Legislative Hearing,2025-06-11T19:45:23Z,2025-09-17T15:06:19.081003+00:00,1961,20,https://www.youtube.com/watch?v=LB34tvemBl8
Veterans' Affairs,nFNQaHdFEFc,Subcommittee on Economic Opportunity Oversight Hearing,2025-05-22T04:38:43Z,2025-09-17T15:06:19.081004+00:00,1519,24,https://www.youtube.com/watch?v=nFNQaHdFEFc
Veterans' Affairs,tk5opa07aNM,Subcommittee on Technology Modernization Oversight Hearing,2025-05-20T08:29:25Z,2025-09-17T15:06:19.081006+00:00,1740,24,https://www.youtube.com/watch?v=tk5opa07aNM
Veterans' Affairs,oPUA8Rh2-d8,Full Committee Oversight Hearing,2025-05-15T22:18:33Z,2025-09-17T15:06:19.081007+00:00,5104,67,https://www.youtube.com/watch?v=oPUA8Rh2-d8
Veterans' Affairs,l_-XxaO8pf0,Subcommittee on Disability Assistance and Memorial Affairs Oversight Hearing,2025-05-15T03:23:19Z,2025-09-17T15:06:19.081009+00:00,1237,29,https://www.youtube.com/watch?v=l_-XxaO8pf0
Veterans' Affairs,g0JfQPKN9K8,Full Committee Markup,2025-05-06T20:25:05Z,2025-09-17T15:06:19.081010+00:00,3069,27,https://www.youtube.com/watch?v=g0JfQPKN9K8
Veterans' Affairs,YB_hH0eydwA,Subcommittee on Technology Modernization Oversight Hearing,2025-05-06T08:36:11Z,2025-09-17T15:06:19.081012+00:00,1435,18,https://www.youtube.com/watch?v=YB_hH0eydwA
Veterans' Affairs,pdc-JSlrH_A,Subcommittee on Oversight and Investigations Oversight Hearing,2025-04-30T15:25:49Z,2025-09-17T15:06:19.081014+00:00,1301,26,https://www.youtube.com/watch?v=pdc-JSlrH_A
Veterans' Affairs,UCtu3krF3Xc,Subcommittee on Health Oversight Hearing,2025-04-30T08:01:57Z,2025-09-17T15:06:19.081015+00:00,815,17,https://www.youtube.com/watch?v=UCtu3krF3Xc
Education and the Workforce,968JIUXnpxU,"Markup of H.R. 1723, H.R. 2958, H.R. 2869, H.R. 2844, H.R. 3495, H.R. 5169",2025-09-15T14:15:02Z,2025-09-17T15:06:19.691058+00:00,90,1,https://www.youtube.com/watch?v=968JIUXnpxU
Education and the Workforce,5F0FaxWAVYQ,"September 17, 2025",2025-09-17T14:09:59Z,2025-09-17T15:06:19.691069+00:00,118,1,https://www.youtube.com/watch?v=5F0FaxWAVYQ
Education and the Workforce,l9P6XrM3HeY,No More Surprises: Reforming College Pricing for Students and Families,2025-09-17T04:30:19Z,2025-09-17T15:06:19.691072+00:00,886,12,https://www.youtube.com/watch?v=l9P6XrM3HeY
Education and the Workforce,EqhFGb074Gc,From Playground to Classroom: The Spread of Antisemitism in K-12 Schools,2025-09-12T06:43:48Z,2025-09-17T15:06:19.691074+00:00,2666,31,https://www.youtube.com/watch?v=EqhFGb074Gc
Education and the Workforce,XJI76UUDOSM,Unmasking Union Antisemitism,2025-09-10T21:23:00Z,2025-09-17T15:06:19.691076+00:00,1778,18,https://www.youtube.com/watch?v=XJI76UUDOSM
Education and the Workforce,x73mMhoGQi4,Foundations First: Reclaiming Reading and Math through Proven Instruction,2025-09-04T04:13:03Z,2025-09-17T15:06:19.691078+00:00,1030,17,https://www.youtube.com/watch?v=x73mMhoGQi4
Education and the Workforce,qsuGK6sXb_w,"Markup of H.R. 1319, H.R. 1320, H.R. 4366, H.R. 4312, H.R. 4307",2025-07-23T19:35:07Z,2025-09-17T15:06:19.691080+00:00,1972,17,https://www.youtube.com/watch?v=qsuGK6sXb_w
Education and the Workforce,yuEQva7dCiA,Restoring Trust: Enhancing Transparency and Oversight at EBSA,2025-07-23T04:13:48Z,2025-09-17T15:06:19.691082+00:00,801,6,https://www.youtube.com/watch?v=yuEQva7dCiA
Education and the Workforce,dIgBdMkcPwk,WATCH: Walberg Talks Republican Efforts to Empower Students on Newsmax,2025-07-20T19:20:25Z,2025-09-17T15:06:19.691084+00:00,104,2,https://www.youtube.com/watch?v=dIgBdMkcPwk
Education and the Workforce,kuOKnSoU_vQ,"Safe Workplaces, Stronger Partnerships: The Future of OSHA Compliance Assistance",2025-07-17T03:41:32Z,2025-09-17T15:06:19.691089+00:00,852,9,https://www.youtube.com/watch?v=kuOKnSoU_vQ
Education and the Workforce,T-R8vkAYekI,"Antisemitism in Higher Education: Examining the Role of Faculty, Funding, and Ideology",2025-07-15T17:54:53Z,2025-09-17T15:06:19.691091+00:00,10929,79,https://www.youtube.com/watch?v=T-R8vkAYekI
Education and the Workforce,P0PPZrohPTg,"Chairman Walberg Delivers Remarks in Support of the One Big, Beautiful Bill",2025-07-03T09:38:54Z,2025-09-17T15:06:19.691093+00:00,159,1,https://www.youtube.com/watch?v=P0PPZrohPTg
Education and the Workforce,4ym5hhWETnQ,"Markup of Bills on Education Freedom, Accreditation, and Workers’ Benefits",2025-06-25T19:07:01Z,2025-09-17T15:06:19.691095+00:00,534,5,https://www.youtube.com/watch?v=4ym5hhWETnQ
Education and the Workforce,5gf8hAnZf5s,Enhancing Educational Outcomes in Indian Country: Postsecondary Education at the Bureau of Indian...,2025-06-25T05:04:53Z,2025-09-17T15:06:19.691097+00:00,346,4,https://www.youtube.com/watch?v=5gf8hAnZf5s
Education and the Workforce,dvhgO-Esaos,Child Care and the American Workforce: Removing Barriers to Economic Growth,2025-06-24T16:26:14Z,2025-09-17T15:06:19.691099+00:00,1063,6,https://www.youtube.com/watch?v=dvhgO-Esaos
Education and the Workforce,NBdV-ZHcfkc,Restoring Balance: Ensuring Fairness and Transparency at the NLRB,2025-06-12T04:03:43Z,2025-09-17T15:06:19.691100+00:00,818,6,https://www.youtube.com/watch?v=NBdV-ZHcfkc
Education and the Workforce,anNSb6IYblM,Screentime in Schools,2025-06-11T04:13:48Z,2025-09-17T15:06:19.691102+00:00,792,12,https://www.youtube.com/watch?v=anNSb6IYblM
Education and the Workforce,QWJ-ccg9Iz4,Secretary McMahon Supports @EdWorkforceCmte’s Push to Hold Colleges Accountable,2025-06-10T21:30:21Z,2025-09-17T15:06:19.691104+00:00,156,2,https://www.youtube.com/watch?v=QWJ-ccg9Iz4
Education and the Workforce,Ex1Bdo1jiBU,Examining the Policies and Priorities of the Department of Labor,2025-06-06T05:10:41Z,2025-09-17T15:06:19.691105+00:00,5659,73,https://www.youtube.com/watch?v=Ex1Bdo1jiBU
Education and the Workforce,HwRs-EpCC3U,Examining the Policies and Priorities of the Department of Education,2025-06-04T17:52:52Z,2025-09-17T15:06:19.691107+00:00,3222,16,https://www.youtube.com/watch?v=HwRs-EpCC3U
Ways and Means,hJ8Gvv8ByQw,Markup of Several Bills and Views and Estimates Letter to the Committee on the Budget,2025-09-16T17:02:03Z,2025-09-17T15:06:20.033102+00:00,255,3,https://www.youtube.com/watch?v=hJ8Gvv8ByQw
Ways and Means,a3MoTSguCyE,Oversight Subcommittee Hearing on Where Tax-Exempt Hospitals are Spending Your Tax Dollars,2025-09-17T09:02:47Z,2025-09-17T15:06:20.033112+00:00,2677,10,https://www.youtube.com/watch?v=a3MoTSguCyE
Ways and Means,XXSbOVBPcgs,Joint Social Security and Work & Welfare Subcommittee Hearing on Untapped Talent in America,2025-09-12T11:57:57Z,2025-09-17T15:06:20.033114+00:00,1786,26,https://www.youtube.com/watch?v=XXSbOVBPcgs
Ways and Means,5mbOHY7VdxA,Work and Welfare Member Carey Opening Statement: Untapped Talent: Removing Barriers to Work,2025-09-10T18:05:05Z,2025-09-17T15:06:20.033116+00:00,41,3,https://www.youtube.com/watch?v=5mbOHY7VdxA
Ways and Means,R8q9AIG4CFw,Social Security Chairman Estes Opening Statement: Untapped Talent: Removing Barriers to Work,2025-09-10T18:04:16Z,2025-09-17T15:06:20.033118+00:00,31,5,https://www.youtube.com/watch?v=R8q9AIG4CFw
Ways and Means,FYHc5U1XiIg,"Full Committee Field Hearing: The One, Big, Beautiful Bill Delivering for the American Economy",2025-07-27T06:43:43Z,2025-09-17T15:06:20.033119+00:00,1256,31,https://www.youtube.com/watch?v=FYHc5U1XiIg
Ways and Means,d867U85jJDM,"Full Committee Field Hearing: The One, Big, Beautiful Bill Delivering for American Workers",2025-07-26T07:56:24Z,2025-09-17T15:06:20.033121+00:00,1854,31,https://www.youtube.com/watch?v=d867U85jJDM
Ways and Means,dnwIsAcOVk4,"Hearing on Medicare Advantage: Past Lessons, Present Insights, Future Opportunities",2025-07-22T23:48:20Z,2025-09-17T15:06:20.033135+00:00,4535,33,https://www.youtube.com/watch?v=dnwIsAcOVk4
Ways and Means,D4yNyJH1E50,Health Subcommittee Chairman Buchanan Opening Statement: Hearing on Medicare Advantage,2025-07-22T19:03:17Z,2025-09-17T15:06:20.033138+00:00,72,3,https://www.youtube.com/watch?v=D4yNyJH1E50
Ways and Means,0z79PY2An7c,Oversight Subcommittee Chairman Schweikert Opening Statement: Medicare Advantage,2025-07-22T19:01:47Z,2025-09-17T15:06:20.033139+00:00,65,2,https://www.youtube.com/watch?v=0z79PY2An7c
Ways and Means,pIbyCPpWVwM,Oversight Subcommittee Hearing on Ensuring Digital Asset Policy Built for the 21st Century,2025-07-17T03:14:23Z,2025-09-17T15:06:20.033141+00:00,1780,20,https://www.youtube.com/watch?v=pIbyCPpWVwM
Ways and Means,Jql8llORYiE,Oversight Subcommittee Chairman Schweikert Opening Statement: Making America the Crypto Capital,2025-07-16T15:11:39Z,2025-09-17T15:06:20.033143+00:00,54,2,https://www.youtube.com/watch?v=Jql8llORYiE
Ways and Means,Iz1_7uQoS1c,Health Subcommittee Hearing: Health at Your Fingertips: Harnessing the Power of Digital Health Data,2025-06-26T03:33:24Z,2025-09-17T15:06:20.033144+00:00,1581,14,https://www.youtube.com/watch?v=Iz1_7uQoS1c
Ways and Means,Q2LYrDNqXu0,"Work & Welfare Chairman LaHood Opening Statement: Hearing with SSA Commissioner, Frank J. Bisignano",2025-06-25T22:00:18Z,2025-09-17T15:06:20.033146+00:00,134,3,https://www.youtube.com/watch?v=Q2LYrDNqXu0
Ways and Means,eMiuSmJAhZ8,Subcommittee Hearing with the Social Security Commissioner Frank J. Bisignano,2025-06-25T22:00:14Z,2025-09-17T15:06:20.033147+00:00,4584,45,https://www.youtube.com/watch?v=eMiuSmJAhZ8
Ways and Means,HbgHfp081co,Social Security Chairman Estes Opening Statement Hearing with Social Security Commissioner Bisignano,2025-06-25T20:58:13Z,2025-09-17T15:06:20.033149+00:00,61,1,https://www.youtube.com/watch?v=HbgHfp081co
Ways and Means,PBSwQQzo3rY,Health Subcommittee Chairman Buchanan Opening Statement: Harnessing the Power of Digital Health Data,2025-06-25T13:34:06Z,2025-09-17T15:06:20.033150+00:00,70,2,https://www.youtube.com/watch?v=PBSwQQzo3rY
Ways and Means,NRDJrrVpDM8,Work & Welfare Subcommittee Hearing on Aging Out is Not a Plan: Reimagining Futures for Foster Youth,2025-06-13T02:46:46Z,2025-09-17T15:06:20.033151+00:00,1619,17,https://www.youtube.com/watch?v=NRDJrrVpDM8
Ways and Means,wfAFsgD2N5U,Work & Welfare Subcommittee Chairman LaHood Opening Statement: Reimagining Futures for Foster Youth,2025-06-12T13:57:02Z,2025-09-17T15:06:20.033153+00:00,60,1,https://www.youtube.com/watch?v=wfAFsgD2N5U
Ways and Means,vKU7k8tL2tY,Rep. Moran Joins KTBS 3,2025-06-11T20:08:22Z,2025-09-17T15:06:20.033154+00:00,18,1,https://www.youtube.com/watch?v=vKU7k8tL2tY
Energy and Commerce,6-h6MIQBY6Q,Full Committee Markup,2025-09-15T22:05:13Z,2025-09-17T15:06:20.688297+00:00,264,2,https://www.youtube.com/watch?v=6-h6MIQBY6Q
Energy and Commerce,EjiZue5I0sc,Chairman Guthrie's Opening Statement at Full Committee Markup,2025-09-17T14:13:22Z,2025-09-17T15:06:20.688307+00:00,12,1,https://www.youtube.com/watch?v=EjiZue5I0sc
Energy and Commerce,Ioit78f_sDk,Environment Legislative Hearing: From Gridlock to Growth: Permitting Reform Under the Clean Air Act,2025-09-17T10:27:32Z,2025-09-17T15:06:20.688309+00:00,658,1,https://www.youtube.com/watch?v=Ioit78f_sDk
Energy and Commerce,T7Sc74FB8gY,Chairman Palmer Delivers Opening Statement at Environment Hearing on Clean Air Act Permitting,2025-09-16T19:53:15Z,2025-09-17T15:06:20.688311+00:00,38,0,https://www.youtube.com/watch?v=T7Sc74FB8gY
Energy and Commerce,hWeTVUHqdOc,Appliance and Building Policies: Restoring the American Dream of Home Ownership and Consumer Choice,2025-09-16T19:51:14Z,2025-09-17T15:06:20.688313+00:00,1341,3,https://www.youtube.com/watch?v=hWeTVUHqdOc
Energy and Commerce,4WodvuD6Dgk,Chairman Latta Delivers Opening Statement at Energy Hearing on Appliance and Building Policies,2025-09-16T14:24:22Z,2025-09-17T15:06:20.688315+00:00,88,0,https://www.youtube.com/watch?v=4WodvuD6Dgk
Energy and Commerce,ugp5IrCKKUc,Health Subcommittee Markup,2025-09-12T23:17:02Z,2025-09-17T15:06:20.688317+00:00,641,11,https://www.youtube.com/watch?v=ugp5IrCKKUc
Energy and Commerce,-898b5I32tI,Burdensome Regulations are Driving up the Cost of Living,2025-09-12T20:30:00Z,2025-09-17T15:06:20.688318+00:00,1946,13,https://www.youtube.com/watch?v=-898b5I32tI
Energy and Commerce,wZqKNBhbPlo,C&T Subcommittee Hearing: Examining Solutions to Expedite Broadband Permitting,2025-09-12T17:00:33Z,2025-09-17T15:06:20.688326+00:00,0,0,https://www.youtube.com/watch?v=wZqKNBhbPlo
Energy and Commerce,eOxgi_tZ4ds,C&T Subcommittee Hearing: Public Safety Communications in the United States,2025-09-12T07:23:32Z,2025-09-17T15:06:20.688328+00:00,1425,16,https://www.youtube.com/watch?v=eOxgi_tZ4ds
Energy and Commerce,HrsLLHUMlm4,"Energy Hearing: Examining Affordability, Choice, and Security in Appliance and Buildings Policies",2025-09-12T01:57:23Z,2025-09-17T15:06:20.688329+00:00,1690,15,https://www.youtube.com/watch?v=HrsLLHUMlm4
Energy and Commerce,QuezGOgTPQs,Health Hearing: Examining Policies to Enhance Seniors’ Access to Breakthrough Medical Technologies,2025-09-11T22:42:37Z,2025-09-17T15:06:20.688331+00:00,0,0,https://www.youtube.com/watch?v=QuezGOgTPQs
Energy and Commerce,V9-GoUBfRYQ,Chairman Griffith Delivers Opening Statement at Health Markup of Public Health Reauthorization Bills,2025-09-10T14:30:13Z,2025-09-17T15:06:20.688333+00:00,174,1,https://www.youtube.com/watch?v=V9-GoUBfRYQ
Energy and Commerce,5acv4Os4xAU,Chairman Latta Delivers Opening Statement at Energy Hearing on Building and Appliance Standards,2025-09-09T18:24:48Z,2025-09-17T15:06:20.688335+00:00,69,1,https://www.youtube.com/watch?v=5acv4Os4xAU
Energy and Commerce,WnoCaN_AfoM,Chairman Hudson's Opening Statement at C&T Hearing on Public Safety Communications,2025-09-09T14:34:10Z,2025-09-17T15:06:20.688337+00:00,116,1,https://www.youtube.com/watch?v=WnoCaN_AfoM
Energy and Commerce,l_nFf9SypPU,AI Innovation can Ease Administrative Burdens and Strengthen Clinical Decision Making,2025-09-04T21:15:02Z,2025-09-17T15:06:20.688338+00:00,1250,6,https://www.youtube.com/watch?v=l_nFf9SypPU
Energy and Commerce,avECrBUf5lQ,Examining Opportunities to Advance American Health Care through the Use of AI Technologies,2025-09-04T05:38:06Z,2025-09-17T15:06:20.688340+00:00,4029,37,https://www.youtube.com/watch?v=avECrBUf5lQ
Energy and Commerce,5npKlVC9oFs,Chairman Griffith's Opening Statement at Health Hearing on AI in Health Care,2025-09-03T14:30:24Z,2025-09-17T15:06:20.688342+00:00,199,2,https://www.youtube.com/watch?v=5npKlVC9oFs
Energy and Commerce,KdM2OZ20vxU,President Trump is Ensuring American Energy Dominance,2025-07-28T15:20:08Z,2025-09-17T15:06:20.688344+00:00,10786,120,https://www.youtube.com/watch?v=KdM2OZ20vxU
Energy and Commerce,5rWB_WMUqNw,Full Committee Markup,2025-07-23T18:21:28Z,2025-09-17T15:06:20.688345+00:00,1699,10,https://www.youtube.com/watch?v=5rWB_WMUqNw
"Science, Space, and Technology",1lTPOcbI6u0,Full Committee Markup of the Weather Act Reauthorization Act of 2025,2025-09-12T23:58:21Z,2025-09-17T15:06:21.071417+00:00,412,5,https://www.youtube.com/watch?v=1lTPOcbI6u0
"Science, Space, and Technology",nS7oETA3sxY,Igniting America's Energy Future: The Promise and Progress of Fusion Power,2025-09-11T14:48:24Z,2025-09-17T15:06:21.071426+00:00,0,0,https://www.youtube.com/watch?v=nS7oETA3sxY
"Science, Space, and Technology",YfgHNpiy4Pc,Protecting Lives and Property: Harnessing Innovative Technologies to Enhance Weather Forecasting,2025-07-17T03:50:29Z,2025-09-17T15:06:21.071429+00:00,1309,13,https://www.youtube.com/watch?v=YfgHNpiy4Pc
"Science, Space, and Technology",hZEejPpnElY,Hearing - Justice for Whom? Examining the Justice40 Initiative’s Oversight and Implementation,2025-06-27T02:59:14Z,2025-09-17T15:06:21.071431+00:00,685,7,https://www.youtube.com/watch?v=hZEejPpnElY
"Science, Space, and Technology",AnWelrebzBQ,Energy Subcommittee Hearing - Powering Demand: Nuclear Solutions for AI Infrastructure,2025-06-13T04:11:04Z,2025-09-17T15:06:21.071436+00:00,1865,17,https://www.youtube.com/watch?v=AnWelrebzBQ
"Science, Space, and Technology",IHnVQSMhIbk,"Full Committee Markup of H.R. 390, H.R. 3679, H.R. 3259, and H.R. 3705",2025-06-12T07:25:05Z,2025-09-17T15:06:21.071438+00:00,365,4,https://www.youtube.com/watch?v=IHnVQSMhIbk
"Science, Space, and Technology",mPRxkHUpOj4,Pursuing the Golden Age of Innovation: Strategic Priorities in Biotechnology,2025-06-06T04:49:48Z,2025-09-17T15:06:21.071439+00:00,1598,17,https://www.youtube.com/watch?v=mPRxkHUpOj4
"Science, Space, and Technology",PnfNvH39Btk,Environment Subcommittee - Innovations in Agrichemicals: AI’s Hidden Formula Driving Efficiency,2025-05-21T04:27:29Z,2025-09-17T15:06:21.071441+00:00,925,7,https://www.youtube.com/watch?v=PnfNvH39Btk
"Science, Space, and Technology",5SamCKEOoeQ,From Detection to Deflection: Evaluating NASA’s Planetary Defense Strategy,2025-05-16T03:28:14Z,2025-09-17T15:06:21.071443+00:00,1335,25,https://www.youtube.com/watch?v=5SamCKEOoeQ
"Science, Space, and Technology",TH2dZAw6FnM,From Policy to Progress: How the National Quantum Initiative Shapes US Quantum Technology Leadership,2025-05-08T05:26:09Z,2025-09-17T15:06:21.071445+00:00,3051,37,https://www.youtube.com/watch?v=TH2dZAw6FnM
"Science, Space, and Technology",GkAWt_ooU4s,Energy Subcommittee Hearing - Risky Business Part 2: The DOE Loan Guarantee Program,2025-05-01T03:48:58Z,2025-09-17T15:06:21.071446+00:00,960,6,https://www.youtube.com/watch?v=GkAWt_ooU4s
"Science, Space, and Technology",fr8DVAo3yZg,"Full Committee Markup of H.R. 2984, H.R. 2600, H.R. 2313, H.R. 2613, H.R. 1223, & H.R.____",2025-04-30T03:01:53Z,2025-09-17T15:06:21.071448+00:00,404,7,https://www.youtube.com/watch?v=fr8DVAo3yZg
"Science, Space, and Technology",xxrczeMhgXs,Research and Technology Subcommittee Hearing - DeepSeek: A Deep Dive,2025-04-09T04:51:57Z,2025-09-17T15:06:21.071449+00:00,1833,24,https://www.youtube.com/watch?v=xxrczeMhgXs
"Science, Space, and Technology",NNiitFa5-3U,Hearing - Leveraging Commercial Innovation for Lunar Exploration: A Review of NASA’s CLPS Initiative,2025-04-02T04:26:09Z,2025-09-17T15:06:21.071451+00:00,3119,44,https://www.youtube.com/watch?v=NNiitFa5-3U
"Science, Space, and Technology",VhWIljNUt2M,"Environment Subcommittee Hearing - To the Depths, and Beyond: Examining Blue Economy Technologies",2025-03-27T03:26:11Z,2025-09-17T15:06:21.071452+00:00,1234,13,https://www.youtube.com/watch?v=VhWIljNUt2M
"Science, Space, and Technology",6a2zIEQbNrQ,"Full Committee Hearing - Member Day Hearing: House Committee on Science, Space, and Technology",2025-03-12T02:48:20Z,2025-09-17T15:06:21.071454+00:00,769,13,https://www.youtube.com/watch?v=6a2zIEQbNrQ
"Science, Space, and Technology",rLhkr3YOfa0,Investigations and Oversight Subcommittee Hearing - Assessing the Threat to U.S. Funded Research,2025-03-06T04:41:41Z,2025-09-17T15:06:21.071456+00:00,2058,20,https://www.youtube.com/watch?v=rLhkr3YOfa0
"Science, Space, and Technology",HpJmCt17KsA,"Step by Step: The Artemis Program and NASA's Path To Human Exploration of the Moon, Mars, and Beyond",2025-02-26T17:27:39Z,2025-09-17T15:06:21.071457+00:00,5056,65,https://www.youtube.com/watch?v=HpJmCt17KsA
"Science, Space, and Technology",TE3qUKpLQdc,From Transformative Science to Technological Breakthroughs: DOE’s National Laboratories,2025-02-12T17:10:57Z,2025-09-17T15:06:21.071459+00:00,4931,37,https://www.youtube.com/watch?v=TE3qUKpLQdc
"Science, Space, and Technology",8HN1MjPHTfA,The State of U.S. Science and Technology: Ensuring U.S. Global Leadership,2025-02-06T07:33:58Z,2025-09-17T15:06:21.071461+00:00,5101,60,https://www.youtube.com/watch?v=8HN1MjPHTfA
Homeland Security,p6KR8Dm3TAI,"Surveying the Threat of Agroterrorism: Perspectives on Food, Agriculture, and Veterinary Defense",2025-09-17T08:25:57Z,2025-09-17T15:06:21.503857+00:00,1023,15,https://www.youtube.com/watch?v=p6KR8Dm3TAI
Homeland Security,W6A09H78bLo,"Special Events Task Force Roundtable With FIFA, LA28 on Security Preparations",2025-09-15T18:34:51Z,2025-09-17T15:06:21.503866+00:00,0,1,https://www.youtube.com/watch?v=W6A09H78bLo
Homeland Security,Tw23WzVR51U,How China is Using Illegal Marijuana to Build a Criminal Network Across America,2025-09-15T18:11:27Z,2025-09-17T15:06:21.503869+00:00,0,3,https://www.youtube.com/watch?v=Tw23WzVR51U
Homeland Security,witHg-eVmG0,Full Committee Markup,2025-09-04T03:24:46Z,2025-09-17T15:06:21.503870+00:00,1416,34,https://www.youtube.com/watch?v=witHg-eVmG0
Homeland Security,WweC6r3KA2U,Lessons Learned: An Examination of Major Security Incidents at Mass Gathering Events,2025-07-22T19:40:52Z,2025-09-17T15:06:21.503872+00:00,2474,51,https://www.youtube.com/watch?v=WweC6r3KA2U
Homeland Security,jLROmU7j57Q,Fully Operational Stuxnet 15 Years Later & the Evolution of Cyber Threats to Critical Infrastructure,2025-07-22T16:07:21Z,2025-09-17T15:06:21.503874+00:00,10825,150,https://www.youtube.com/watch?v=jLROmU7j57Q
Homeland Security,Or-SdPvsDqI,An Inside Job: How NGOs Facilitated the Biden Border Crisis,2025-07-16T20:49:49Z,2025-09-17T15:06:21.503875+00:00,14083,278,https://www.youtube.com/watch?v=Or-SdPvsDqI
Homeland Security,p50Ohndek_k,Case-by-Case: Returning Parole to its Proper Purpose,2025-07-16T08:54:11Z,2025-09-17T15:06:21.503877+00:00,1771,48,https://www.youtube.com/watch?v=p50Ohndek_k
Homeland Security,ijUHDCovnPU,Industry Perspectives on How Drone Warfare Abroad Is Transforming Threats at Home,2025-07-16T03:52:36Z,2025-09-17T15:06:21.503878+00:00,5607,128,https://www.youtube.com/watch?v=ijUHDCovnPU
Homeland Security,Z_FCAw3wPGM,Full Committee Markup,2025-06-26T03:29:01Z,2025-09-17T15:06:21.503880+00:00,1553,32,https://www.youtube.com/watch?v=Z_FCAw3wPGM
Homeland Security,tnmfsinO9sM,Security to Model: Securing Artificial Intelligence to Strengthen Cybersecurity,2025-06-13T03:36:45Z,2025-09-17T15:06:21.503881+00:00,2715,48,https://www.youtube.com/watch?v=tnmfsinO9sM
Homeland Security,xCnflR3D79U,The Rise of Anti-Israel Extremist Groups and Their Threat to U.S. National Security,2025-06-12T04:39:05Z,2025-09-17T15:06:21.503882+00:00,3807,77,https://www.youtube.com/watch?v=xCnflR3D79U
Homeland Security,67D_lt0QJHc,An Examination of U.S. Federal Efforts to Confront Illicit Maritime Activities in U.S. Waters.,2025-06-11T03:40:25Z,2025-09-17T15:06:21.503884+00:00,2328,37,https://www.youtube.com/watch?v=67D_lt0QJHc
Homeland Security,VZ2dlqGUEuk,Innovation Nation: Leveraging Technology to Secure Cyberspace and Streamline Compliance,2025-05-29T10:53:15Z,2025-09-17T15:06:21.503885+00:00,2837,59,https://www.youtube.com/watch?v=VZ2dlqGUEuk
Homeland Security,4zqqOHSwXTw,Mass Gathering Events: Assessing Security Coordination and Preparedness,2025-05-22T07:22:44Z,2025-09-17T15:06:21.503887+00:00,2354,48,https://www.youtube.com/watch?v=4zqqOHSwXTw
Homeland Security,gRfQLqPeRB4,Reauthorizing Cybersecurity Information Sharing Activities that Underpin U.S. National Cyber Defense,2025-05-16T07:29:02Z,2025-09-17T15:06:21.503888+00:00,2237,51,https://www.youtube.com/watch?v=gRfQLqPeRB4
Homeland Security,syESsfBR5H0,A New Era of Homeland Security: A Review of the Fiscal Year 2026 Budget Request for DHS,2025-05-15T06:04:31Z,2025-09-17T15:06:21.503890+00:00,13017,119,https://www.youtube.com/watch?v=syESsfBR5H0
Homeland Security,v0rULLTw7l8,"Beijing’s Air, Space, and Maritime Surveillance from Cuba: A Growing Threat to the Homeland",2025-05-07T03:02:16Z,2025-09-17T15:06:21.503891+00:00,3291,42,https://www.youtube.com/watch?v=v0rULLTw7l8
Homeland Security,M4M0LCZQc60,Full Committee Markup Part 2,2025-04-30T09:30:50Z,2025-09-17T15:06:21.503893+00:00,1686,33,https://www.youtube.com/watch?v=M4M0LCZQc60
Homeland Security,s3-LgZAgCDQ,Full Committee Markup,2025-04-29T18:13:40Z,2025-09-17T15:06:21.503894+00:00,4242,85,https://www.youtube.com/watch?v=s3-LgZAgCDQ
Agriculture,FGfDSQvbq50,An Examination of the State of the Specialty Crop Industry,2025-09-17T06:06:51Z,2025-09-17T15:06:21.911283+00:00,866,4,https://www.youtube.com/watch?v=FGfDSQvbq50
Agriculture,-Ii51ySKWUc,Hearing Highlights | Exploring State Options in SNAP,2025-09-15T19:06:49Z,2025-09-17T15:06:21.911292+00:00,35,3,https://www.youtube.com/watch?v=-Ii51ySKWUc
Agriculture,Z0zTAKRYYQs,Promoting Forest Health and Resiliency Through Improved Active Management,2025-09-12T22:04:51Z,2025-09-17T15:06:21.911295+00:00,501,1,https://www.youtube.com/watch?v=Z0zTAKRYYQs
Agriculture,yjygoBMQMuY,Exploring State Options in SNAP,2025-09-12T04:28:40Z,2025-09-17T15:06:21.911296+00:00,2049,11,https://www.youtube.com/watch?v=yjygoBMQMuY
Agriculture,u3ZZ62KZbNQ,USDA’s Rural Development: Delivering Vital Programs and Services to Rural America,2025-09-09T17:32:10Z,2025-09-17T15:06:21.911301+00:00,0,0,https://www.youtube.com/watch?v=u3ZZ62KZbNQ
Agriculture,gA-t27Swrjk,An Examination of the Implications of Proposition 12,2025-07-23T17:17:53Z,2025-09-17T15:06:21.911303+00:00,2143,14,https://www.youtube.com/watch?v=gA-t27Swrjk
Agriculture,A_qEsyjP4Yk,Past Breakthroughs and Future Innovations in Crop Production,2025-07-23T06:03:43Z,2025-09-17T15:06:21.911305+00:00,1326,9,https://www.youtube.com/watch?v=A_qEsyjP4Yk
Agriculture,rgU3EcjTtRA,"To consider H.R. _____, United States Grain Standards Reauthorization Act of 2025",2025-07-23T02:20:12Z,2025-09-17T15:06:21.911306+00:00,323,3,https://www.youtube.com/watch?v=rgU3EcjTtRA
Agriculture,uqKglmS8I_4,Financing Farm Operations: The Importance of Credit and Risk Management,2025-07-17T07:28:06Z,2025-09-17T15:06:21.911308+00:00,841,4,https://www.youtube.com/watch?v=uqKglmS8I_4
Agriculture,lkfwZ9qhHmQ,Safeguarding U.S. Agriculture: The Role of the National Animal Health Laboratory Network (NAHLN),2025-07-16T03:39:31Z,2025-09-17T15:06:21.911310+00:00,1054,8,https://www.youtube.com/watch?v=lkfwZ9qhHmQ
Agriculture,ODrCD7oPWwQ,A Review of the U.S. Grain Standards Act,2025-06-27T03:54:00Z,2025-09-17T15:06:21.911311+00:00,871,5,https://www.youtube.com/watch?v=ODrCD7oPWwQ
Agriculture,n7ECfiQtWMg,"To receive testimony from The Honorable Brooke L. Rollins, Secretary, U.S. Department of Agriculture",2025-06-11T19:15:55Z,2025-09-17T15:06:21.911313+00:00,4947,18,https://www.youtube.com/watch?v=n7ECfiQtWMg
Agriculture,DjPzjpv3t6Q,"RE: “TO CONSIDER H.R. 3633, DIGITAL ASSET MARKET CLARITY ACT OF 2025”",2025-06-11T04:54:36Z,2025-09-17T15:06:21.911314+00:00,915,13,https://www.youtube.com/watch?v=DjPzjpv3t6Q
Agriculture,5XPrwrFVx84,"“Supporting Farmers, Strengthening Conservation, Sustaining Working Lands”",2025-06-06T04:09:49Z,2025-09-17T15:06:21.911316+00:00,1156,18,https://www.youtube.com/watch?v=5XPrwrFVx84
Agriculture,14UhCiMTn0Q,“American Innovation and the Future of Digital Assets: From Blueprint to a Functional Framework”,2025-06-05T04:46:57Z,2025-09-17T15:06:21.911317+00:00,2312,52,https://www.youtube.com/watch?v=14UhCiMTn0Q
Agriculture,4rtKBT0bsC4,SNAP Integrity and Farm Security Full Committee Markup Part 2,2025-05-15T02:07:24Z,2025-09-17T15:06:21.911319+00:00,5924,32,https://www.youtube.com/watch?v=4rtKBT0bsC4
Agriculture,qmeLZYEAxwI,SNAP Integrity and Farm Security Full Committee Markup,2025-05-14T03:26:55Z,2025-09-17T15:06:21.911320+00:00,4970,31,https://www.youtube.com/watch?v=qmeLZYEAxwI
Agriculture,t97nBXeTrQQ,American Innovation and the Future of Digital Assets: A Blueprint for the 21st Century”,2025-05-07T05:11:17Z,2025-09-17T15:06:21.911322+00:00,1095,16,https://www.youtube.com/watch?v=t97nBXeTrQQ
Agriculture,VXmY_5kR1oQ,American Innovation and the Future of Digital Assets: On-Chain Tools for an Off-Chain World,2025-04-10T07:52:53Z,2025-09-17T15:06:21.911323+00:00,1527,30,https://www.youtube.com/watch?v=VXmY_5kR1oQ
Agriculture,3vy5xCgE_G0,The Power of Work: Expanding Opportunity through SNAP,2025-04-08T18:43:36Z,2025-09-17T15:06:21.911324+00:00,2777,23,https://www.youtube.com/watch?v=3vy5xCgE_G0
Appropriations,0dXGM5bdnqA,"Part 2: Full Committee Markup of FY26 Labor, HHS, Education, & Related Agencies Bill",2025-09-12T18:44:44Z,2025-09-17T15:06:22.420447+00:00,1550,12,https://www.youtube.com/watch?v=0dXGM5bdnqA
Appropriations,kB2zq7ykPTg,"Full Committee Markup of FY26 Commerce, Justice, Science, and Related Agencies Bill",2025-09-11T02:28:20Z,2025-09-17T15:06:22.420457+00:00,6591,48,https://www.youtube.com/watch?v=kB2zq7ykPTg
Appropriations,azyKOybUcSQ,"Part 1: Full Committee Markup of FY26 Labor, HHS, Education, & Related Agencies Bill",2025-09-10T03:39:29Z,2025-09-17T15:06:22.420459+00:00,12203,70,https://www.youtube.com/watch?v=azyKOybUcSQ
Appropriations,EQVbb-r6FbE,Full Committee Markup of FY26 Financial Services and General Government Bill,2025-09-04T01:52:46Z,2025-09-17T15:06:22.420460+00:00,4830,40,https://www.youtube.com/watch?v=EQVbb-r6FbE
Appropriations,XFB0coENolE,"Subcommittee Markup of FY26 Labor, Health and Human Services, Education, and Related Agencies Bill",2025-09-03T09:59:01Z,2025-09-17T15:06:22.420462+00:00,5948,29,https://www.youtube.com/watch?v=XFB0coENolE
Appropriations,lQnpl1K8dVY,"Full Committee Markup of FY26 National Security, Department of State, and Related Programs Bill",2025-07-23T23:26:16Z,2025-09-17T15:06:22.420463+00:00,5672,47,https://www.youtube.com/watch?v=lQnpl1K8dVY
Appropriations,W1IAAxotBcE,Full Committee Markup of FY26 Interior and Environment Bill,2025-07-22T19:33:26Z,2025-09-17T15:06:22.420465+00:00,5381,47,https://www.youtube.com/watch?v=W1IAAxotBcE
Appropriations,y0alCFUVAes,Subcommittee Markup of FY26 Financial Services and General Government Bill,2025-07-22T10:41:59Z,2025-09-17T15:06:22.420466+00:00,2039,27,https://www.youtube.com/watch?v=y0alCFUVAes
Appropriations,pC_r3SY0CXQ,"Full Committee Markup of FY26 THUD and Energy & Water Bills, Updated Subcommittee Allocations Part 2",2025-07-18T14:50:41Z,2025-09-17T15:06:22.420468+00:00,1659,27,https://www.youtube.com/watch?v=pC_r3SY0CXQ
Appropriations,Pn9S6-Cyi7Y,"Full Committee Markup of FY26 THUD and Energy & Water Bills, Updated Subcommittee Allocations",2025-07-18T02:29:27Z,2025-09-17T15:06:22.420469+00:00,9544,67,https://www.youtube.com/watch?v=Pn9S6-Cyi7Y
Appropriations,uyY8q2xjtGQ,"Subcommittee Markup of FY26 Commerce, Justice, Science, and Related Agencies Bill",2025-07-16T05:03:47Z,2025-09-17T15:06:22.420471+00:00,4116,21,https://www.youtube.com/watch?v=uyY8q2xjtGQ
Appropriations,fgKxUhzdlkc,"Subcommittee Markup of FY26 National Security, Department of State, and Related Programs Bill",2025-07-16T03:54:36Z,2025-09-17T15:06:22.420472+00:00,2172,21,https://www.youtube.com/watch?v=fgKxUhzdlkc
Appropriations,u8YgWDYVxDs,"Subcommittee Markup of FY26 Interior, Environment, and Related Agencies Bill",2025-07-16T02:52:09Z,2025-09-17T15:06:22.420473+00:00,3826,23,https://www.youtube.com/watch?v=u8YgWDYVxDs
Appropriations,oy5GCsXYzNY,Subcommittee Markup of FY26 Energy and Water Development and Related Agencies Bill,2025-07-15T10:55:49Z,2025-09-17T15:06:22.420475+00:00,2390,17,https://www.youtube.com/watch?v=oy5GCsXYzNY
Appropriations,Y4Z9pD7Ucbw,"Subcommittee Markup of FY26 Transportation, Housing and Urban Development, and Related Agencies Bill",2025-07-15T10:09:15Z,2025-09-17T15:06:22.420476+00:00,3977,38,https://www.youtube.com/watch?v=Y4Z9pD7Ucbw
Appropriations,r9sEraqvu8w,Full Committee Markup of Fiscal Year 2026 Legislative Branch Bill,2025-06-26T22:34:54Z,2025-09-17T15:06:22.420478+00:00,7889,69,https://www.youtube.com/watch?v=r9sEraqvu8w
Appropriations,P9jgSnD45L8,Full Committee Markup of Fiscal Year 2026 Homeland Security Bill,2025-06-24T23:03:58Z,2025-09-17T15:06:22.420479+00:00,5979,57,https://www.youtube.com/watch?v=P9jgSnD45L8
Appropriations,HrGPJcpQtQM,"Part 3: Full Committee Markup of FY26 Agriculture, Rural Development, FDA, and Related Agencies Bill",2025-06-24T14:43:27Z,2025-09-17T15:06:22.420481+00:00,1989,25,https://www.youtube.com/watch?v=HrGPJcpQtQM
Appropriations,5SaFdINLw80,Subcommittee Markup of FY26 Legislative Branch Bill,2025-06-24T10:35:14Z,2025-09-17T15:06:22.420482+00:00,2316,20,https://www.youtube.com/watch?v=5SaFdINLw80
Appropriations,zHnbhc_oePA,Budget Hearing – Fiscal Year 2026 Request for the Department of Justice,2025-06-24T07:54:03Z,2025-09-17T15:06:22.420484+00:00,4458,55,https://www.youtube.com/watch?v=zHnbhc_oePA
Armed Services,VYzU1uwLrzY,Full Committee Hearing: Reforming Defense Acquisition to Deliver Capability,2025-07-24T03:51:21Z,2025-09-17T15:06:22.744339+00:00,4670,29,https://www.youtube.com/watch?v=VYzU1uwLrzY
Armed Services,fvRUsxdWHgo,Full Committee Markup: FY26 NDAA Markup Part 2,2025-07-16T15:55:39Z,2025-09-17T15:06:22.744348+00:00,1916,12,https://www.youtube.com/watch?v=fvRUsxdWHgo
Armed Services,VGfv8PLtZWw,Full Committee Markup: FY26 NDAA,2025-07-16T02:02:12Z,2025-09-17T15:06:22.744350+00:00,6744,35,https://www.youtube.com/watch?v=VGfv8PLtZWw
Armed Services,YumlOi4cPSg,The SPEED Act Explained - Chairman Rogers and Ranking Member Smith,2025-06-30T15:13:37Z,2025-09-17T15:06:22.744352+00:00,734,12,https://www.youtube.com/watch?v=YumlOi4cPSg
Armed Services,PmB8OW_cbS8,Department of Defense Fiscal Year 2026 Budget Request,2025-06-12T19:27:01Z,2025-09-17T15:06:22.744354+00:00,6680,39,https://www.youtube.com/watch?v=PmB8OW_cbS8
Armed Services,WeuSL4vgV9s,TAL Hearing: Army Munition Industrial Base Modernization,2025-06-12T08:27:18Z,2025-09-17T15:06:22.744356+00:00,2175,22,https://www.youtube.com/watch?v=WeuSL4vgV9s
Armed Services,IoAgJ-0OO5Q,Full Committee Hearing: Department of the Navy Fiscal Year 2026 Budget Request,2025-06-12T05:41:38Z,2025-09-17T15:06:22.744358+00:00,3227,29,https://www.youtube.com/watch?v=IoAgJ-0OO5Q
Armed Services,hj4woXGDIIs,Full Committee Hearing: “U.S. Military Posture and National Security Challenges AFRICOM + CENTCOM”,2025-06-11T04:48:49Z,2025-09-17T15:06:22.744359+00:00,5046,47,https://www.youtube.com/watch?v=hj4woXGDIIs
Armed Services,CzE-SHKgPps,Full Committee Hearing: “Department of the Air Force Fiscal Year 2026 Posture”,2025-06-06T05:57:25Z,2025-09-17T15:06:22.744361+00:00,2762,22,https://www.youtube.com/watch?v=CzE-SHKgPps
Armed Services,DwnxC0jddPc,SPF Hearing: Update on Navy Programs and Capabilities for Seapower and Projection Forces,2025-06-05T08:18:31Z,2025-09-17T15:06:22.744362+00:00,2233,22,https://www.youtube.com/watch?v=DwnxC0jddPc
Armed Services,fJ2lrSXopKA,FULL Hearing: Department of the Army Fiscal Year 2026 Posture,2025-06-05T06:01:48Z,2025-09-17T15:06:22.744364+00:00,5390,26,https://www.youtube.com/watch?v=fJ2lrSXopKA
Armed Services,IHW-H7tn3Tg,Member Day: FY26,2025-05-21T03:15:45Z,2025-09-17T15:06:22.744366+00:00,606,6,https://www.youtube.com/watch?v=IHW-H7tn3Tg
Armed Services,j1jxbrTDZa4,CITI Hearing: Fiscal Year 2026 Review of the Department of Defense’s Cyber Posture (May 2025),2025-05-17T02:10:29Z,2025-09-17T15:06:22.744367+00:00,1089,13,https://www.youtube.com/watch?v=j1jxbrTDZa4
Armed Services,CmnH4bLueXM,ISO Hearing: Defense Intelligence Enterprise Posture Hearing 2025,2025-05-16T08:10:01Z,2025-09-17T15:06:22.744369+00:00,1305,18,https://www.youtube.com/watch?v=CmnH4bLueXM
Armed Services,c4wOUI7Omqk,STR Hearing: National Security Space Programs 2025,2025-05-15T08:38:26Z,2025-09-17T15:06:22.744370+00:00,1461,21,https://www.youtube.com/watch?v=c4wOUI7Omqk
Armed Services,z1PdbRbBx18,"RDY Hearing: Energy, Installations, and Environment Update 2025",2025-05-15T08:32:45Z,2025-09-17T15:06:22.744372+00:00,958,7,https://www.youtube.com/watch?v=z1PdbRbBx18
Armed Services,fLMraghK_28,20250508: CITI Hearing:  Information Technology and AI Posture of the Department of Defense,2025-05-09T02:11:04Z,2025-09-17T15:06:22.744373+00:00,1865,18,https://www.youtube.com/watch?v=fLMraghK_28
Armed Services,5l1PyXqSEII,20250507: SPF Hearing: Update on Air Force Projection Forces Aviation Programs and Capabilities,2025-05-08T08:35:49Z,2025-09-17T15:06:22.744381+00:00,983,10,https://www.youtube.com/watch?v=5l1PyXqSEII
Armed Services,NTl33vsLI5k,20250507: STR Hearing: Nuclear Forces and Atomic Energy Defense Activities Programmatic Updates,2025-05-08T08:31:48Z,2025-09-17T15:06:22.744383+00:00,2175,18,https://www.youtube.com/watch?v=NTl33vsLI5k
Armed Services,9dGOymj8yEw,20250506: RDY Hearing: Military Readiness for FY26,2025-05-07T09:53:52Z,2025-09-17T15:06:22.744385+00:00,2001,26,https://www.youtube.com/watch?v=9dGOymj8yEw
Financial Services,KmAvlI4bjCw,Hearing Entitled: The Reauthorization of the Terrorism Risk Insurance Act of 2002,2025-09-10T18:24:24Z,2025-09-17T15:06:23.365212+00:00,236,5,https://www.youtube.com/watch?v=KmAvlI4bjCw
Financial Services,APw3fLocups,Markup of Various Measures,2025-09-16T19:45:24Z,2025-09-17T15:06:23.365237+00:00,867,16,https://www.youtube.com/watch?v=APw3fLocups
Financial Services,i8dax3RcSiY,Hearing Entitled: Promoting the Health of the Banking Sector,2025-09-12T11:03:30Z,2025-09-17T15:06:23.365245+00:00,982,15,https://www.youtube.com/watch?v=i8dax3RcSiY
Financial Services,qnM3U3zKPcs,Hearing Entitled: Evaluating the Financial Crimes Enforcement Network,2025-09-12T10:13:08Z,2025-09-17T15:06:23.365252+00:00,1721,17,https://www.youtube.com/watch?v=qnM3U3zKPcs
Financial Services,lJcpyzAzrt4,Hearing Entitled: Unlocking the Next Generation of AI in the U.S. Financial System,2025-09-11T14:47:34Z,2025-09-17T15:06:23.365258+00:00,0,1,https://www.youtube.com/watch?v=lJcpyzAzrt4
Financial Services,5FOsmA-PVoc,Hearing Entitled: Fraud in Focus: Exposing Financial Threats to American Families,2025-09-11T14:46:13Z,2025-09-17T15:06:23.365264+00:00,0,0,https://www.youtube.com/watch?v=5FOsmA-PVoc
Financial Services,b4wyGUozfhA,Hearing Entitled: Less Mandates. More Independence.,2025-09-11T14:44:53Z,2025-09-17T15:06:23.365276+00:00,0,1,https://www.youtube.com/watch?v=b4wyGUozfhA
Financial Services,Fq9nGi4pZhw,Hearing Entitled: Proxy Power and Proposal Abuse: Reforming Rule 14a-8 to Protect Shareholder Value,2025-09-10T18:13:09Z,2025-09-17T15:06:23.365283+00:00,1438,20,https://www.youtube.com/watch?v=Fq9nGi4pZhw
Financial Services,AhnM212xxVo,Chairman Hill's Opening Remarks at Full Committee hearing entitled: Proxy Power & Proposal Abuse,2025-09-10T14:14:01Z,2025-09-17T15:06:23.365297+00:00,52,3,https://www.youtube.com/watch?v=AhnM212xxVo
Financial Services,8dcUQOFHpAk,Hearing Entitled: Field Hearing on the Defense Production Act,2025-08-14T04:45:38Z,2025-09-17T15:06:23.365305+00:00,925,19,https://www.youtube.com/watch?v=8dcUQOFHpAk
Financial Services,LATXm9bKsjM,Day Two: Markup of Various Measures,2025-07-24T05:14:19Z,2025-09-17T15:06:23.365312+00:00,681,13,https://www.youtube.com/watch?v=LATXm9bKsjM
Financial Services,71k2fSfC4oQ,Day One: Markup of Various Measures,2025-07-22T20:45:44Z,2025-09-17T15:06:23.365319+00:00,2122,25,https://www.youtube.com/watch?v=71k2fSfC4oQ
Financial Services,1bhT5aWR_KU,Chairman French Hill's Opening Remarks at Today's Markup,2025-07-22T14:32:34Z,2025-09-17T15:06:23.365325+00:00,139,5,https://www.youtube.com/watch?v=1bhT5aWR_KU
Financial Services,4Om24-jVOjA,Hearing Entitled: U.S. Policy on Investment Security,2025-07-17T03:23:51Z,2025-09-17T15:06:23.365330+00:00,1359,26,https://www.youtube.com/watch?v=4Om24-jVOjA
Financial Services,plQfv3H2EXU,Hearing Entitled: HOME 2.0: Modern Solutions to the Housing Shortage,2025-07-16T19:56:00Z,2025-09-17T15:06:23.365336+00:00,1929,22,https://www.youtube.com/watch?v=plQfv3H2EXU
Financial Services,PFypIMmFlno,Hearing Entitled: Dodd-Frank Turns 15: Lessons Learned and the Road Ahead,2025-07-15T17:56:52Z,2025-09-17T15:06:23.365342+00:00,1851,29,https://www.youtube.com/watch?v=PFypIMmFlno
Financial Services,-PdvE2sbbA4,Chairman Hill Delivers Opening Remarks at Full Committee Hearing entitled: Dodd-Frank Turns 15,2025-07-15T14:27:31Z,2025-09-17T15:06:23.365347+00:00,186,6,https://www.youtube.com/watch?v=-PdvE2sbbA4
Financial Services,-iA2cmdHOMw,Hearing Entitled: Fifteen Years of Dodd-Frank,2025-07-01T14:49:32Z,2025-09-17T15:06:23.365352+00:00,0,7,https://www.youtube.com/watch?v=-iA2cmdHOMw
Financial Services,JIdhrIFUrOk,Hearing Entitled: Main Street or Mandates? How Dodd-Frank Closed the Door on Financial Opportunities,2025-07-01T14:09:09Z,2025-09-17T15:06:23.365358+00:00,0,3,https://www.youtube.com/watch?v=JIdhrIFUrOk
Financial Services,lGTZmen2PKY,Hearing Entitled: From Watchdog to Attack Dog,2025-06-27T03:45:11Z,2025-09-17T15:06:23.365363+00:00,1631,19,https://www.youtube.com/watch?v=lGTZmen2PKY
Judiciary,7A6C2GIH884,Oversight of the Federal Bureau of Investigation,2025-09-11T13:11:21Z,2025-09-17T15:06:23.931560+00:00,2684,104,https://www.youtube.com/watch?v=7A6C2GIH884
Judiciary,xXoJnHyZShI,Kash Patel is the Man for the Moment,2025-09-17T13:04:45Z,2025-09-17T15:06:23.931575+00:00,94,25,https://www.youtube.com/watch?v=xXoJnHyZShI
Judiciary,l1_xzIcyMto,Unmanned and Unchecked: Confronting the Rising Threat of Malicious Drone Use in America,2025-09-17T08:43:25Z,2025-09-17T15:06:23.931577+00:00,2157,26,https://www.youtube.com/watch?v=l1_xzIcyMto
Judiciary,9hLn4q9d0yE,AI at a Crossroads: A Nationwide Strategy or Californication?,2025-09-15T14:17:54Z,2025-09-17T15:06:23.931578+00:00,0,0,https://www.youtube.com/watch?v=9hLn4q9d0yE
Judiciary,7ORoAlN-5v8,"Markup of H.R. 4371, H.R. 4323, H.R. 3770, H.R. 3592, H.R. 4465, H.R. 4499, and more",2025-09-10T19:47:36Z,2025-09-17T15:06:23.931580+00:00,2064,40,https://www.youtube.com/watch?v=7ORoAlN-5v8
Judiciary,WP1_zaswyp4,"Jasmine Crockett calls Kayla Hamilton, who was murdered by an illegal alien, a “random dead person.”",2025-09-10T17:10:18Z,2025-09-17T15:06:23.931582+00:00,5900,42,https://www.youtube.com/watch?v=WP1_zaswyp4
Judiciary,jIvu0MmjWHs,Europe’s Threat to American Speech and Innovation,2025-09-03T19:17:37Z,2025-09-17T15:06:23.931583+00:00,7438,142,https://www.youtube.com/watch?v=jIvu0MmjWHs
Judiciary,FyM2aL_ZSkc,MUST WATCH: Nigel Farage outlines the importance of free speech around the world,2025-09-03T15:13:08Z,2025-09-17T15:06:23.931585+00:00,458,28,https://www.youtube.com/watch?v=FyM2aL_ZSkc
Judiciary,_PXBpPLIHBY,Foreign Abuse of U.S. Courts,2025-07-23T04:12:09Z,2025-09-17T15:06:23.931586+00:00,4888,133,https://www.youtube.com/watch?v=_PXBpPLIHBY
Judiciary,DeIN5jIyW4o,Hunter Biden Special Prosecutor Concedes Inherent Flaws Of Investigation,2025-07-21T21:51:11Z,2025-09-17T15:06:23.931588+00:00,4012,94,https://www.youtube.com/watch?v=DeIN5jIyW4o
Judiciary,PV_x8j7eP3g,Artificial Intelligence and Criminal Exploitation: A New Era of Risk,2025-07-17T03:42:30Z,2025-09-17T15:06:23.931589+00:00,2911,54,https://www.youtube.com/watch?v=PV_x8j7eP3g
Judiciary,vxEmQ-Ezi_M,Bankruptcy Law: Overview and Legislative Reforms,2025-07-16T04:11:11Z,2025-09-17T15:06:23.931591+00:00,2979,65,https://www.youtube.com/watch?v=vxEmQ-Ezi_M
Judiciary,Ietm12BlVn8,How Leftist Nonprofit Networks Exploit Federal Tax Dollars to Advance a Radical Agenda,2025-07-15T20:59:52Z,2025-09-17T15:06:23.931592+00:00,6541,149,https://www.youtube.com/watch?v=Ietm12BlVn8
Judiciary,uVkq4QLTp14,HAPPY INDEPENDENCE DAY,2025-07-04T12:59:53Z,2025-09-17T15:06:23.931594+00:00,1327,86,https://www.youtube.com/watch?v=uVkq4QLTp14
Judiciary,LGX7cUt-7p4,Judiciary Republicans Slam Democrats for Threatening ICE Operations,2025-07-01T16:00:42Z,2025-09-17T15:06:23.931595+00:00,29438,897,https://www.youtube.com/watch?v=LGX7cUt-7p4
Judiciary,_y01KzpP8qE,Democrats' Immigration Scam Exposed,2025-06-27T15:01:13Z,2025-09-17T15:06:23.931597+00:00,265149,7577,https://www.youtube.com/watch?v=_y01KzpP8qE
Judiciary,VZhK0yQecms,Restoring Integrity and Security to the Visa Process,2025-06-26T08:25:09Z,2025-09-17T15:06:23.931598+00:00,4598,91,https://www.youtube.com/watch?v=VZhK0yQecms
Judiciary,pztljWJeF-o,The Proxy Advisor Duopoly’s Anticompetitive Conduct,2025-06-26T03:52:06Z,2025-09-17T15:06:23.931599+00:00,2033,32,https://www.youtube.com/watch?v=pztljWJeF-o
Judiciary,ixfowfhzgkU,Rising Threat: America’s Battle Against Antisemitic Terror,2025-06-25T08:58:53Z,2025-09-17T15:06:23.931601+00:00,3684,62,https://www.youtube.com/watch?v=ixfowfhzgkU
Judiciary,OL7LKTCwf1A,Fiscal Accountability and Oversight of the Federal Courts,2025-06-25T04:16:23Z,2025-09-17T15:06:23.931602+00:00,4767,93,https://www.youtube.com/watch?v=OL7LKTCwf1A
Natural Resources,E2nEt0HC1CU,Markup | Full Committee Hearing,2025-09-12T21:43:30Z,2025-09-17T15:06:25.554027+00:00,140,5,https://www.youtube.com/watch?v=E2nEt0HC1CU
Natural Resources,e132CRTy-SE,Unleashing Alaska’s Extraordinary Resource Potential,2025-09-17T05:27:16Z,2025-09-17T15:06:25.554036+00:00,788,6,https://www.youtube.com/watch?v=e132CRTy-SE
Natural Resources,JJNTebEpXLw,Oversight Hearing | Subcommittee on Oversight and Investigations,2025-09-12T10:17:16Z,2025-09-17T15:06:25.554038+00:00,701,8,https://www.youtube.com/watch?v=JJNTebEpXLw
Natural Resources,LCGT_k0rkxA,Legislative Hearing | Indian and Insular Affairs Subcommittee,2025-09-12T09:26:51Z,2025-09-17T15:06:25.554040+00:00,812,7,https://www.youtube.com/watch?v=LCGT_k0rkxA
Natural Resources,h-8JJbqa1CI,Oversight Hearing | Subcommittee on Federal Lands,2025-09-12T00:52:20Z,2025-09-17T15:06:25.554042+00:00,1820,9,https://www.youtube.com/watch?v=h-8JJbqa1CI
Natural Resources,ebAK852EdWA,"Legislative Hearing on H.R. 309, H.R. 2196, H.R. 4284, H.R. 4386, H.R. 4467 and H.R. 5131",2025-09-11T18:45:13Z,2025-09-17T15:06:25.554044+00:00,0,1,https://www.youtube.com/watch?v=ebAK852EdWA
Natural Resources,9rtyF326HN4,"Legislative Hearing on H.R. 573, H.R. 4503 and H.R.4776 | Full Committee Hearing",2025-09-10T19:05:28Z,2025-09-17T15:06:25.554045+00:00,2267,10,https://www.youtube.com/watch?v=9rtyF326HN4
Natural Resources,TeDjlytMpnY,The Great American Outdoors Act Field Hearing,2025-09-05T19:28:45Z,2025-09-17T15:06:25.554047+00:00,1242,7,https://www.youtube.com/watch?v=TeDjlytMpnY
Natural Resources,ZFr-ZOC4YBo,"Legislative Hearing on H.R. 2073, H.R. 3692, H.R. 4255,  H.R. 4256 and H.R. 4970",2025-09-04T09:07:29Z,2025-09-17T15:06:25.554049+00:00,2670,14,https://www.youtube.com/watch?v=ZFr-ZOC4YBo
Natural Resources,YkPTvLO4PRg,Legislative Hearing | Subcommittee on Energy and Mineral Resources,2025-09-04T05:44:54Z,2025-09-17T15:06:25.554050+00:00,2588,33,https://www.youtube.com/watch?v=YkPTvLO4PRg
Natural Resources,kZ849HjjWwo,Full Committee Markup,2025-07-23T18:01:42Z,2025-09-17T15:06:25.554052+00:00,786,11,https://www.youtube.com/watch?v=kZ849HjjWwo
Natural Resources,wjFPMJtd6RM,Oversight Hearing | Subcommittee on Oversight and Investigations,2025-07-23T08:45:27Z,2025-09-17T15:06:25.554053+00:00,1486,14,https://www.youtube.com/watch?v=wjFPMJtd6RM
Natural Resources,7yLPCucl-Cg,"Legislative Hearing | Subcommittee on Water, Wildlife and Fisheries",2025-07-22T21:34:00Z,2025-09-17T15:06:25.554055+00:00,2154,15,https://www.youtube.com/watch?v=7yLPCucl-Cg
Natural Resources,RW5w5a37uZ4,Full Committee Oversight Hearing,2025-07-22T18:17:49Z,2025-09-17T15:06:25.554056+00:00,3715,19,https://www.youtube.com/watch?v=RW5w5a37uZ4
Natural Resources,CphkHB54uTA,Chairman Westerman Testifies Before the House Rules Committee,2025-07-21T20:56:07Z,2025-09-17T15:06:25.554058+00:00,238,5,https://www.youtube.com/watch?v=CphkHB54uTA
Natural Resources,EQJnC5dqnYc,Oversight Hearing | Subcommittee on Indian and Insular Affairs,2025-07-17T04:02:51Z,2025-09-17T15:06:25.554064+00:00,2739,26,https://www.youtube.com/watch?v=EQJnC5dqnYc
Natural Resources,Dh9CmnI-hQs,Legislative Hearing | Subcommittee on Federal Lands,2025-07-17T03:34:18Z,2025-09-17T15:06:25.554066+00:00,554,8,https://www.youtube.com/watch?v=Dh9CmnI-hQs
Natural Resources,guqBombsFxM,Full Committee Markup,2025-07-16T05:44:35Z,2025-09-17T15:06:25.554068+00:00,941,14,https://www.youtube.com/watch?v=guqBombsFxM
Natural Resources,yLzuBR6H6Zo,Oversight Hearing | Subcommittee on Federal Lands,2025-06-27T04:52:37Z,2025-09-17T15:06:25.554069+00:00,1937,11,https://www.youtube.com/watch?v=yLzuBR6H6Zo
Natural Resources,-pJ3NJr5v-E,Full Committee Markup,2025-06-25T18:17:47Z,2025-09-17T15:06:25.554071+00:00,778,10,https://www.youtube.com/watch?v=-pJ3NJr5v-E
Small Business,OWtGvHXvYCQ,Pathway to Capital: The Role of SBA Lending in Supporting Main Street America,2025-09-17T04:19:09Z,2025-09-17T15:06:26.060961+00:00,808,4,https://www.youtube.com/watch?v=OWtGvHXvYCQ
Small Business,MxrXx17S0fM,Leveling the Playing Field: Fostering Opportunities for Small Business Contractors,2025-09-12T23:05:24Z,2025-09-17T15:06:26.060971+00:00,1096,13,https://www.youtube.com/watch?v=MxrXx17S0fM
Small Business,tknc4_piX64,Full Committee Markup,2025-09-11T23:49:35Z,2025-09-17T15:06:26.060973+00:00,195,4,https://www.youtube.com/watch?v=tknc4_piX64
Small Business,qyla9-OaSSM,Streaming Success: Small Businesses in the Age of Digital Influence,2025-09-11T15:04:03Z,2025-09-17T15:06:26.060975+00:00,0,12,https://www.youtube.com/watch?v=qyla9-OaSSM
Small Business,k5oMpz0SDbk,Wired for Growth: How Expanding Broadband Can Revitalize Rural Small Businesses,2025-09-04T03:45:21Z,2025-09-17T15:06:26.060977+00:00,1199,11,https://www.youtube.com/watch?v=k5oMpz0SDbk
Small Business,NDWWusv0dwA,Chairman Williams on Redistricting in Texas,2025-08-18T13:48:40Z,2025-09-17T15:06:26.060979+00:00,49,0,https://www.youtube.com/watch?v=NDWWusv0dwA
Small Business,ApsEGV-Z2m0,Chairman Williams on the Flooding in Texas,2025-08-05T15:56:28Z,2025-09-17T15:06:26.060981+00:00,16,0,https://www.youtube.com/watch?v=ApsEGV-Z2m0
Small Business,GFTfQc52XRU,Chairman Williams on the Devasting Floods in Texas,2025-08-05T15:56:24Z,2025-09-17T15:06:26.060982+00:00,19,1,https://www.youtube.com/watch?v=GFTfQc52XRU
Small Business,KDStdjZbl2k,Chairman Williams on his Letter to AG Bondi on the Dangers of the ICEBlock App,2025-08-05T15:56:19Z,2025-09-17T15:06:26.060984+00:00,64,0,https://www.youtube.com/watch?v=KDStdjZbl2k
Small Business,dg37uXf8c28,"Chairman Williams on the One Big, Beautiful Bill and Redistricting in Texas",2025-08-05T15:55:56Z,2025-09-17T15:06:26.060986+00:00,22,0,https://www.youtube.com/watch?v=dg37uXf8c28
Small Business,6_McpnMCy9A,Chairman Williams on Redistricting and the Freedom to Compete Act,2025-08-04T12:46:30Z,2025-09-17T15:06:26.060987+00:00,52,0,https://www.youtube.com/watch?v=6_McpnMCy9A
Small Business,ldsPOHXX8ag,"Chairman Williams on the One, Big Beautiful Bill and the Small Business Administration",2025-08-01T14:23:38Z,2025-09-17T15:06:26.060989+00:00,21,0,https://www.youtube.com/watch?v=ldsPOHXX8ag
Small Business,yTmgRpYEwT0,Chairman Williams on President Trump's Trade Deals and Government Agency Spending,2025-07-29T20:38:51Z,2025-09-17T15:06:26.060990+00:00,64,0,https://www.youtube.com/watch?v=yTmgRpYEwT0
Small Business,nue0_MwosC0,Full Committee Markup,2025-07-23T03:17:48Z,2025-09-17T15:06:26.060992+00:00,289,5,https://www.youtube.com/watch?v=nue0_MwosC0
Small Business,-xWrKmOl4Go,Chairman Williams on the Devasting Texas Floods,2025-07-10T21:21:30Z,2025-09-17T15:06:26.060994+00:00,51,1,https://www.youtube.com/watch?v=-xWrKmOl4Go
Small Business,auOCM7mkEAQ,"Chairman Williams on the Catastrophic Flooding in Texas and the One Big, Beautiful Bill",2025-07-09T13:32:32Z,2025-09-17T15:06:26.060995+00:00,32,1,https://www.youtube.com/watch?v=auOCM7mkEAQ
Small Business,J9w9OxG4mng,"Chairman Williams on the One Big, Beautiful Bill",2025-07-02T19:52:04Z,2025-09-17T15:06:26.060997+00:00,81,0,https://www.youtube.com/watch?v=J9w9OxG4mng
Small Business,gr69oNxszU0,"Chairman Williams on the One Big, Beautiful Bill",2025-07-02T14:59:18Z,2025-09-17T15:06:26.060999+00:00,33,0,https://www.youtube.com/watch?v=gr69oNxszU0
Small Business,8mlQyxJDeUk,"Chairman Williams on Passing the One Big, Beautiful Bill",2025-07-02T13:32:44Z,2025-09-17T15:06:26.061000+00:00,21,0,https://www.youtube.com/watch?v=8mlQyxJDeUk
Small Business,xE3JOU1SEOM,"Chairman Williams on the One Big, Beautiful Bill",2025-06-25T17:15:29Z,2025-09-17T15:06:26.061002+00:00,35,0,https://www.youtube.com/watch?v=xE3JOU1SEOM
Oversight and Accountability,7bhNDRQbjgY,Opening Doors to Opportunity: The Promise of Expanded School Choice & Alternatives to 4-Year Degrees,2025-09-11T00:22:56Z,2025-09-17T15:06:27.358097+00:00,290,14,https://www.youtube.com/watch?v=7bhNDRQbjgY
Oversight and Accountability,PuRnW209tGg,From Protection to Persecution: EPA Enforcement Gone Rogue Under the Biden Administration,2025-09-17T07:58:43Z,2025-09-17T15:06:27.358106+00:00,2875,58,https://www.youtube.com/watch?v=PuRnW209tGg
Oversight and Accountability,RcfPmTZ4jpI,A One Year Update on DOD's Struggling Background Check System,2025-09-17T07:52:37Z,2025-09-17T15:06:27.358108+00:00,1634,20,https://www.youtube.com/watch?v=RcfPmTZ4jpI
Oversight and Accountability,nzm5xYtsxzM,Playing God with the Weather – A Disastrous Forecast,2025-09-17T04:28:03Z,2025-09-17T15:06:27.358110+00:00,5014,158,https://www.youtube.com/watch?v=nzm5xYtsxzM
Oversight and Accountability,-qabY1NiDis,"Better Meals, Fewer Pills: Making Our Children Healthy Again",2025-09-12T16:32:56Z,2025-09-17T15:06:27.358112+00:00,2648,50,https://www.youtube.com/watch?v=-qabY1NiDis
Oversight and Accountability,W4Fcfe9-o9w,Oversight of the District of Columbia,2025-09-11T20:26:03Z,2025-09-17T15:06:27.358113+00:00,0,4,https://www.youtube.com/watch?v=W4Fcfe9-o9w
Oversight and Accountability,LBKRr5OvF6E,Restoring Public Trust Through UAP Transparency and Whistleblower Protection,2025-09-11T01:43:26Z,2025-09-17T15:06:27.358115+00:00,103108,2988,https://www.youtube.com/watch?v=LBKRr5OvF6E
Oversight and Accountability,3kXdZTSLdeY,Full Committee Business Meeting,2025-09-11T00:53:53Z,2025-09-17T15:06:27.358117+00:00,6780,82,https://www.youtube.com/watch?v=3kXdZTSLdeY
Oversight and Accountability,iKVFjqt2Wa4,Underfunded and Overlooked: Assessing U.S. Southern Command's Role in Defending the Homeland,2025-09-11T00:31:00Z,2025-09-17T15:06:27.358118+00:00,0,3,https://www.youtube.com/watch?v=iKVFjqt2Wa4
Oversight and Accountability,0ytOZF3cdXw,Shaping Tomorrow: The Future of Artificial Intelligence,2025-09-11T00:27:28Z,2025-09-17T15:06:27.358120+00:00,0,3,https://www.youtube.com/watch?v=0ytOZF3cdXw
Oversight and Accountability,1Hv_VoMeO7A,"Better Meals, Fewer Pills: Making Our Children Healthy Again",2025-09-09T20:30:13Z,2025-09-17T15:06:27.358121+00:00,489,13,https://www.youtube.com/watch?v=1Hv_VoMeO7A
Oversight and Accountability,dtiKaNXWl10,The Deposition of Dr. Kevin O'Connor on the Biden Autopen Scandal,2025-08-19T18:01:00Z,2025-09-17T15:06:27.358123+00:00,2611,102,https://www.youtube.com/watch?v=dtiKaNXWl10
Oversight and Accountability,M-Kz6P9nDf0,"Catch and Release, Lose and Forget: Addressing the Crisis of Unaccompanied Alien Children – Part I",2025-07-24T09:37:48Z,2025-09-17T15:06:27.358125+00:00,6404,112,https://www.youtube.com/watch?v=M-Kz6P9nDf0
Oversight and Accountability,7dTsu3QIZGY,An Update on Mail Theft and Crime,2025-07-24T08:19:55Z,2025-09-17T15:06:27.358126+00:00,5454,46,https://www.youtube.com/watch?v=7dTsu3QIZGY
Oversight and Accountability,q4iMl7iUD6E,Bipartisan Roundtable: Artificial Intelligence in the Real World,2025-07-23T04:04:48Z,2025-09-17T15:06:27.358128+00:00,1824,40,https://www.youtube.com/watch?v=q4iMl7iUD6E
Oversight and Accountability,i_kMXKjxPIs,Bid Protest Reform: Understanding the Problem,2025-07-23T03:51:59Z,2025-09-17T15:06:27.358129+00:00,2754,38,https://www.youtube.com/watch?v=i_kMXKjxPIs
Oversight and Accountability,b7Oyj6QqKm0,The New Atomic Age: Advancing America's Energy Future,2025-07-22T18:15:08Z,2025-09-17T15:06:27.358131+00:00,1802,32,https://www.youtube.com/watch?v=b7Oyj6QqKm0
Oversight and Accountability,JcAjfCzx2CA,The Deposition of Annie Tomasini on the Biden Autopen Scandal,2025-07-18T18:15:45Z,2025-09-17T15:06:27.358132+00:00,168237,2658,https://www.youtube.com/watch?v=JcAjfCzx2CA
Oversight and Accountability,Q7pfBiM_9Bc,The Deposition of Anthony Bernal on the Biden Autopen Scandal,2025-07-16T19:37:13Z,2025-09-17T15:06:27.358134+00:00,64383,1279,https://www.youtube.com/watch?v=Q7pfBiM_9Bc
Oversight and Accountability,ZmmtfCPtD3A,The Route Forward for the U.S. Postal Service: A View from Stakeholders,2025-06-30T18:32:23Z,2025-09-17T15:06:27.358135+00:00,766,19,https://www.youtube.com/watch?v=ZmmtfCPtD3A
Budget,D8ElLE7JcmU,Fighting for the American Dream!,2025-09-08T13:31:28Z,2025-09-17T15:06:27.698785+00:00,1267,5,https://www.youtube.com/watch?v=D8ElLE7JcmU
Budget,YQ7657m79Kc,Keep SUPPORTING President Trump!,2025-09-05T14:33:30Z,2025-09-17T15:06:27.698832+00:00,1234,9,https://www.youtube.com/watch?v=YQ7657m79Kc
Budget,CjlFwF1APIM,A BIG BEAUTIFUL WIN,2025-09-05T13:33:45Z,2025-09-17T15:06:27.698838+00:00,1062,6,https://www.youtube.com/watch?v=CjlFwF1APIM
Budget,1ppT2mz3uxk,Republicans Delivered the Largest Tax Cuts for Working Families and Small Businesses,2025-09-03T16:47:27Z,2025-09-17T15:06:27.698842+00:00,35,6,https://www.youtube.com/watch?v=1ppT2mz3uxk
Budget,HPePKRtmZwY,Republicans are PROTECTING Medicaid,2025-08-15T13:05:42Z,2025-09-17T15:06:27.698844+00:00,329,1,https://www.youtube.com/watch?v=HPePKRtmZwY
Budget,HMCqqgoSpW0,No Tax on Auto Loan Interest,2025-08-14T16:03:21Z,2025-09-17T15:06:27.698846+00:00,131,2,https://www.youtube.com/watch?v=HMCqqgoSpW0
Budget,AKP9-AdI_-o,TAX RELIEF for Seniors,2025-08-13T15:24:34Z,2025-09-17T15:06:27.698848+00:00,77,1,https://www.youtube.com/watch?v=AKP9-AdI_-o
Budget,cVzoFwpN3fU,No Tax on Overtime,2025-08-12T17:51:09Z,2025-09-17T15:06:27.698851+00:00,121,0,https://www.youtube.com/watch?v=cVzoFwpN3fU
Budget,x9nTTR17-IE,No Tax on Tips,2025-08-12T13:59:24Z,2025-09-17T15:06:27.698852+00:00,121,1,https://www.youtube.com/watch?v=x9nTTR17-IE
Budget,da1T69FNUEI,So big you have to like it!,2025-08-08T16:23:53Z,2025-09-17T15:06:27.698854+00:00,806,5,https://www.youtube.com/watch?v=da1T69FNUEI
Budget,iyAMufePlOk,SUPPORTING the Military!,2025-08-07T16:32:11Z,2025-09-17T15:06:27.698856+00:00,1634,14,https://www.youtube.com/watch?v=iyAMufePlOk
Budget,sxjv7HNO7_4,Permanently extending the small business deduction!,2025-08-07T14:38:30Z,2025-09-17T15:06:27.698858+00:00,159,0,https://www.youtube.com/watch?v=sxjv7HNO7_4
Budget,q4sy2kC_pRk,Republicans are Expanding Paid Leave,2025-08-06T15:46:25Z,2025-09-17T15:06:27.698860+00:00,191,0,https://www.youtube.com/watch?v=q4sy2kC_pRk
Budget,2DrYntyq6ds,We're UNLEASHING American Energy Dominance,2025-08-06T15:46:00Z,2025-09-17T15:06:27.698862+00:00,47,0,https://www.youtube.com/watch?v=2DrYntyq6ds
Budget,J-F5BjQb3JE,American Made!,2025-08-06T15:45:03Z,2025-09-17T15:06:27.698864+00:00,93,1,https://www.youtube.com/watch?v=J-F5BjQb3JE
Budget,1MRTI9HE5ls,EXPANDING the Adoption Tax Credit,2025-08-06T15:43:15Z,2025-09-17T15:06:27.698870+00:00,84,0,https://www.youtube.com/watch?v=1MRTI9HE5ls
Budget,JU4LLSTWPF4,EXPANDING SCHOOL CHOICE,2025-07-30T14:52:19Z,2025-09-17T15:06:27.698873+00:00,11,1,https://www.youtube.com/watch?v=JU4LLSTWPF4
Budget,dtLTktMHFTw,RIGHT SIZING OUR BLOATED BUREAUCRACY,2025-07-18T17:59:45Z,2025-09-17T15:06:27.698874+00:00,1059,8,https://www.youtube.com/watch?v=dtLTktMHFTw
Budget,Vueg6VD4iu0,WE'VE GOT YOUR BACK,2025-07-17T19:29:00Z,2025-09-17T15:06:27.698876+00:00,531,9,https://www.youtube.com/watch?v=Vueg6VD4iu0
Budget,7akv3l6ktdE,BIG BEAUTIFUL WINS,2025-07-17T15:55:06Z,2025-09-17T15:06:27.698878+00:00,1215,6,https://www.youtube.com/watch?v=7akv3l6ktdE
Ethics,ejjdKO9rhT0,Committee on Ethics - Organizational Meeting 117th Congress,2021-02-26T08:45:14Z,2025-09-17T15:06:27.916527+00:00,95,0,https://www.youtube.com/watch?v=ejjdKO9rhT0
Ethics,MHdppaY8Unk,House Committee on Ethics Live Stream,2021-02-16T20:18:18Z,2025-09-17T15:06:27.916536+00:00,0,0,https://www.youtube.com/watch?v=MHdppaY8Unk
Ethics,SQohD2vK3w4,Public Session,2019-07-25T20:21:47Z,2025-09-17T15:06:27.916538+00:00,427,5,https://www.youtube.com/watch?v=SQohD2vK3w4
Ethics,cQUuEyTsKK4,House Committee on Ethics Live Stream,2019-07-25T15:13:54Z,2025-09-17T15:06:27.916540+00:00,0,0,https://www.youtube.com/watch?v=cQUuEyTsKK4
Foreign Affairs,xYlb_m1rNnY,State Department Reauthorization Markup,2025-09-10T22:01:13Z,2025-09-17T15:06:29.301855+00:00,518,8,https://www.youtube.com/watch?v=xYlb_m1rNnY
Foreign Affairs,2UAEg93ElJg,Chairman Mast: This reauthorization restores accountability in the State Department,2025-09-17T13:44:57Z,2025-09-17T15:06:29.301878+00:00,10,1,https://www.youtube.com/watch?v=2UAEg93ElJg
Foreign Affairs,oQ6wmG4o-Ec,Trump puts drug cartels on notice,2025-09-16T17:51:43Z,2025-09-17T15:06:29.301881+00:00,762,8,https://www.youtube.com/watch?v=oQ6wmG4o-Ec
Foreign Affairs,JVxrgjd-ZT8,"Less Hamas terrorists = a safer, more prosperous world.",2025-09-09T22:43:46Z,2025-09-17T15:06:29.301883+00:00,784,4,https://www.youtube.com/watch?v=JVxrgjd-ZT8
Foreign Affairs,CtlJyB8k1W0,Rep. Mast: It's LAUGHABLE to choose China over America,2025-09-09T21:45:02Z,2025-09-17T15:06:29.301884+00:00,61,2,https://www.youtube.com/watch?v=CtlJyB8k1W0
Foreign Affairs,DRdh5yfPTKQ,President Trump is stopping narco-terrorists,2025-09-07T15:22:20Z,2025-09-17T15:06:29.301886+00:00,977,22,https://www.youtube.com/watch?v=DRdh5yfPTKQ
Foreign Affairs,i_AcYtfhefM,China Is Rewarding Fentanyl Producers,2025-09-03T16:47:51Z,2025-09-17T15:06:29.301888+00:00,852,23,https://www.youtube.com/watch?v=i_AcYtfhefM
Foreign Affairs,bmI4HwuSP68,Rep. Kean: Protect our VITAL undersea infrastructure,2025-09-03T15:08:01Z,2025-09-17T15:06:29.301889+00:00,32,2,https://www.youtube.com/watch?v=bmI4HwuSP68
Foreign Affairs,xpGZN4Fu-_g,Rep. Barr: CCP is responsible for America’s fentanyl crisis,2025-09-02T21:59:42Z,2025-09-17T15:06:29.301891+00:00,42,2,https://www.youtube.com/watch?v=xpGZN4Fu-_g
Foreign Affairs,Vythr6jMW88,Rep. Baumgartner: We are reshaping future of American defense sales,2025-09-02T20:38:15Z,2025-09-17T15:06:29.301892+00:00,33,0,https://www.youtube.com/watch?v=Vythr6jMW88
Foreign Affairs,uFHtCZncDto,President Trump is bringing all key players to the table to secure a lasting peace in Ukraine.,2025-08-19T20:43:51Z,2025-09-17T15:06:29.301896+00:00,822,10,https://www.youtube.com/watch?v=uFHtCZncDto
Foreign Affairs,suzTr5zI4MA,President Trump is and always has been clear-eyed about where Russia stands,2025-08-16T01:03:35Z,2025-09-17T15:06:29.301898+00:00,997,9,https://www.youtube.com/watch?v=suzTr5zI4MA
Foreign Affairs,4dwgT-zR2FA,Rep. Mast: The world has NO NEED for Putin,2025-08-14T20:29:38Z,2025-09-17T15:06:29.301900+00:00,72,2,https://www.youtube.com/watch?v=4dwgT-zR2FA
Foreign Affairs,Cjf0MAsz3DU,It’s time to stop Hamas’ reign of terror,2025-08-12T15:38:59Z,2025-09-17T15:06:29.301901+00:00,783,12,https://www.youtube.com/watch?v=Cjf0MAsz3DU
Foreign Affairs,R8NChy1AA6c,Rep. Mast: Trump can bring this deal to fruition,2025-08-11T19:49:12Z,2025-09-17T15:06:29.301903+00:00,221,10,https://www.youtube.com/watch?v=R8NChy1AA6c
Foreign Affairs,015yolyrXy8,The walls are closing in on Russia,2025-08-08T18:44:36Z,2025-09-17T15:06:29.301905+00:00,786,8,https://www.youtube.com/watch?v=015yolyrXy8
Foreign Affairs,jKk523FF53c,Chinese Illegal Encounters Down Under Trump,2025-08-07T15:36:34Z,2025-09-17T15:06:29.301906+00:00,928,21,https://www.youtube.com/watch?v=jKk523FF53c
Foreign Affairs,F1c5XS3GZ68,Bureau of Counterterrorism FY26 Budget Posture Hearing,2025-07-24T07:28:31Z,2025-09-17T15:06:29.301908+00:00,566,19,https://www.youtube.com/watch?v=F1c5XS3GZ68
Foreign Affairs,7i7NkYh1Jx4,Under Secretary of State for Political Affairs Allison Hooker testifies before Congress,2025-07-24T05:23:11Z,2025-09-17T15:06:29.301910+00:00,2342,19,https://www.youtube.com/watch?v=7i7NkYh1Jx4
Foreign Affairs,0gUr4z3AX1Q,Rep. Lawler: The Bureau of Counterterrorism is a vital arm of America's national security strategy.,2025-07-23T19:36:16Z,2025-09-17T15:06:29.301911+00:00,104,1,https://www.youtube.com/watch?v=0gUr4z3AX1Q
House Administration,1DEjqxXvyNo,Subcommittee on Elections Hearing:“Maintaining Election Operations in the Face of Natural Disasters”,2025-09-17T07:57:55Z,2025-09-17T15:06:29.658440+00:00,280,5,https://www.youtube.com/watch?v=1DEjqxXvyNo
House Administration,q4-pvNQRNVc,Rep. Miller questions witnesses at elections during natural disasters hearing,2025-09-16T19:59:20Z,2025-09-17T15:06:29.658448+00:00,15,0,https://www.youtube.com/watch?v=q4-pvNQRNVc
House Administration,y3lzkXGEZkw,Rep. Murphy questions witnesses at elections during natural disasters hearing,2025-09-16T19:52:09Z,2025-09-17T15:06:29.658450+00:00,8,0,https://www.youtube.com/watch?v=y3lzkXGEZkw
House Administration,dYwYg78ThPI,Subcommittee Chair Lee questions witnesses at elections during natural disasters hearing,2025-09-16T19:42:44Z,2025-09-17T15:06:29.658453+00:00,5,0,https://www.youtube.com/watch?v=dYwYg78ThPI
House Administration,C5HtwR6N3pc,Secretary Cord Byrd delivers opening statement at elections during natural disasters hearing,2025-09-16T19:31:38Z,2025-09-17T15:06:29.658454+00:00,11,1,https://www.youtube.com/watch?v=C5HtwR6N3pc
House Administration,b11R2FxwGMw,Mr. Stacy “Four” Eggers delivers opening statement at elections during natural disasters hearing,2025-09-16T19:26:02Z,2025-09-17T15:06:29.658456+00:00,10,0,https://www.youtube.com/watch?v=b11R2FxwGMw
House Administration,ICMBeKIJNR0,Subcommittee Chair Lee delivers opening remarks at elections during natural disasters hearing,2025-09-16T19:10:03Z,2025-09-17T15:06:29.658458+00:00,16,0,https://www.youtube.com/watch?v=ICMBeKIJNR0
House Administration,qtiTsM1GvOk,Chairman Steil discusses ActBlue investigation and D.C. crime,2025-08-27T16:31:57Z,2025-09-17T15:06:29.658459+00:00,76,8,https://www.youtube.com/watch?v=qtiTsM1GvOk
House Administration,2EHuO9w5pQY,"Full Committee Hearing: “Clean Rolls, Secure Elections: Reviewing Voter List Maintenance Standards”",2025-07-23T04:00:03Z,2025-09-17T15:06:29.658461+00:00,1504,25,https://www.youtube.com/watch?v=2EHuO9w5pQY
House Administration,kVTbMa7JPTM,Rep. Miller questions witnesses at voter list maintenance hearing,2025-07-22T15:59:01Z,2025-09-17T15:06:29.658463+00:00,59,3,https://www.youtube.com/watch?v=kVTbMa7JPTM
House Administration,66nKer5YDCw,Rep. Carey questions witnesses at voter list maintenance hearing,2025-07-22T15:51:20Z,2025-09-17T15:06:29.658464+00:00,29,1,https://www.youtube.com/watch?v=66nKer5YDCw
House Administration,H_UYc1RYAjI,Rep. Murphy questions witnesses at voter list maintenance hearing,2025-07-22T15:43:19Z,2025-09-17T15:06:29.658466+00:00,26,1,https://www.youtube.com/watch?v=H_UYc1RYAjI
House Administration,PhfOxr1RWZE,Rep. Loudermilk questions witnesses at voter list maintenance hearing,2025-07-22T15:32:14Z,2025-09-17T15:06:29.658468+00:00,35,1,https://www.youtube.com/watch?v=PhfOxr1RWZE
House Administration,TLXDemTjXzU,Rep. Lee questions witnesses at voter list maintenance hearing,2025-07-22T15:22:43Z,2025-09-17T15:06:29.658469+00:00,25,0,https://www.youtube.com/watch?v=TLXDemTjXzU
House Administration,QbZCEbbWo20,Chairman Steil questions witnesses at voter list maintenance hearing,2025-07-22T15:10:12Z,2025-09-17T15:06:29.658471+00:00,52,2,https://www.youtube.com/watch?v=QbZCEbbWo20
House Administration,aLBklqyP9TM,Mr. Justin Riemer delivers opening remarks at voter list maintenance hearing,2025-07-22T14:59:54Z,2025-09-17T15:06:29.658473+00:00,25,0,https://www.youtube.com/watch?v=aLBklqyP9TM
House Administration,1mikzmEuW60,Mr. Christian Adams delivers opening remarks at voter list maintenance hearing,2025-07-22T14:54:35Z,2025-09-17T15:06:29.658474+00:00,28,1,https://www.youtube.com/watch?v=1mikzmEuW60
House Administration,D-ISkTNc4yk,Chairman Steil delivers opening remarks at voter list maintenance hearing,2025-07-22T14:41:57Z,2025-09-17T15:06:29.658476+00:00,27,2,https://www.youtube.com/watch?v=D-ISkTNc4yk
House Administration,QArfTT30Sjw,“Oversight of the Architect of the Capitol: A Review of the Thirteenth Architect’s First Year”,2025-06-26T07:04:49Z,2025-09-17T15:06:29.658478+00:00,569,11,https://www.youtube.com/watch?v=QArfTT30Sjw
House Administration,jFW_7k-Xk1Y,Full Committee Markup,2025-06-26T06:04:25Z,2025-09-17T15:06:29.658479+00:00,95,6,https://www.youtube.com/watch?v=jFW_7k-Xk1Y
Transportation and Infrastructure,W2aqSr-nHLc,"Full Committee Markup (September 17, 2025)",2025-09-15T13:49:05Z,2025-09-17T15:06:30.057361+00:00,180,1,https://www.youtube.com/watch?v=W2aqSr-nHLc
Transportation and Infrastructure,vnCaLBn-P8c,Water Resources Development Acts Implementation: Review and Oversight of Past Provisions,2025-09-12T23:25:18Z,2025-09-17T15:06:30.057370+00:00,1679,3,https://www.youtube.com/watch?v=vnCaLBn-P8c
Transportation and Infrastructure,VBVgPujHsOA,"Full Committee Markup (September 3, 2025)",2025-09-04T03:57:58Z,2025-09-17T15:06:30.057373+00:00,1412,4,https://www.youtube.com/watch?v=VBVgPujHsOA
Transportation and Infrastructure,S0suB4Etnw0,Fixing Emergency Management: Examining Improvements to FEMA’s Disaster Response,2025-07-23T16:30:19Z,2025-09-17T15:06:30.057374+00:00,5201,12,https://www.youtube.com/watch?v=S0suB4Etnw0
Transportation and Infrastructure,yj0faNdOB3g,Future of U.S. Maritime Part 1: Review of FY 2026 Federal Maritime Commission Budget Request,2025-07-23T07:09:42Z,2025-09-17T15:06:30.057376+00:00,360,3,https://www.youtube.com/watch?v=yj0faNdOB3g
Transportation and Infrastructure,sljyaBHIfr4,Rep  LaMalfa on Redelegation of Califoria High Speed Rail Funding,2025-07-17T14:24:54Z,2025-09-17T15:06:30.057377+00:00,33,0,https://www.youtube.com/watch?v=sljyaBHIfr4
Transportation and Infrastructure,2VmzakpNT-s,Rep  Fong on Need for Redirection with California High Speed Rail,2025-07-17T14:24:24Z,2025-09-17T15:06:30.057379+00:00,782,7,https://www.youtube.com/watch?v=2VmzakpNT-s
Transportation and Infrastructure,MBstTXVsJJg,Rep  Kiley on Lack of Accountability on California High Speed Rail,2025-07-17T14:22:48Z,2025-09-17T15:06:30.057380+00:00,654,16,https://www.youtube.com/watch?v=MBstTXVsJJg
Transportation and Infrastructure,ngZ5Ahea6p8,Rep. Babin Asks Sec. Duffy about DOT's Plans to Address the Truck Parking Shortage,2025-07-16T20:20:36Z,2025-09-17T15:06:30.057382+00:00,187,1,https://www.youtube.com/watch?v=ngZ5Ahea6p8
Transportation and Infrastructure,76U4d-MBWhI,Rep. McDowell Asks Sec. Duffy about Rebuilding Infrastructure After Natural Disasters,2025-07-16T20:12:23Z,2025-09-17T15:06:30.057383+00:00,32,0,https://www.youtube.com/watch?v=76U4d-MBWhI
Transportation and Infrastructure,uuyh1GP7Kas,Oversight of the Department of Transportation’s Policies and Programs and FY2026 Budget Request,2025-07-16T18:57:17Z,2025-09-17T15:06:30.057384+00:00,3307,9,https://www.youtube.com/watch?v=uuyh1GP7Kas
Transportation and Infrastructure,Jx_YJM1EE0M,Secretary Duffy Confirms the Trump Administration is Not Firing Air Traffic Controllers,2025-07-16T17:48:14Z,2025-09-17T15:06:30.057386+00:00,184,0,https://www.youtube.com/watch?v=Jx_YJM1EE0M
Transportation and Infrastructure,GRajJvX56yI,Rep. Ezell and Sec. Duffy Discuss Revitalizing American Shipbuilding,2025-07-16T16:22:21Z,2025-09-17T15:06:30.057387+00:00,48,0,https://www.youtube.com/watch?v=GRajJvX56yI
Transportation and Infrastructure,9t1KabTRl_k,Rep. Stauber and Secretary Duffy Discuss Prioritizing the Responsible Use of Taxpayer Dollars,2025-07-16T16:04:54Z,2025-09-17T15:06:30.057389+00:00,41,0,https://www.youtube.com/watch?v=9t1KabTRl_k
Transportation and Infrastructure,OWwVGbGi_SM,Rep. Burchett Asks Sec. Duffy About Efforts to Modernize the ATC System,2025-07-16T15:22:34Z,2025-09-17T15:06:30.057390+00:00,396,5,https://www.youtube.com/watch?v=OWwVGbGi_SM
Transportation and Infrastructure,TdVzLNpWGBE,Rep. Rouzer Asks Sec. Duffy about Priorities for the Next Surface Transportation Reauthorization,2025-07-16T15:05:25Z,2025-09-17T15:06:30.057391+00:00,103,1,https://www.youtube.com/watch?v=TdVzLNpWGBE
Transportation and Infrastructure,yYZxoV6gh3Q,Rep. Perry Asks Secretary Duffy about Project Completion Timelines,2025-07-16T14:54:13Z,2025-09-17T15:06:30.057393+00:00,24,0,https://www.youtube.com/watch?v=yYZxoV6gh3Q
Transportation and Infrastructure,dcGbqQevYbA,Rep. Webster Asks Secretary Duffy about Streamlining Rail Improvements,2025-07-16T14:51:42Z,2025-09-17T15:06:30.057394+00:00,42,0,https://www.youtube.com/watch?v=dcGbqQevYbA
Transportation and Infrastructure,EayZpuHcuG0,Chairman Graves Opening Statement from Hearing with Secretary Duffy,2025-07-16T14:34:29Z,2025-09-17T15:06:30.057396+00:00,91,0,https://www.youtube.com/watch?v=EayZpuHcuG0
Transportation and Infrastructure,2WGnyeE2tFo,"Full Committee Markup (July 15, 2025)",2025-07-16T03:43:15Z,2025-09-17T15:06:30.057397+00:00,603,2,https://www.youtube.com/watch?v=2WGnyeE2tFo
